agency,borough,complaint_type,days_to_closure,number_of_records,past_number_of_weeks,created_after_timestamp
DOB,BROOKLYN,BEST/Site Safety,0,3,12,2017-05-29T22:38:45.331470
DOB,BROOKLYN,BEST/Site Safety,1,9,12,2017-05-29T22:38:45.331470
DOB,BROOKLYN,BEST/Site Safety,2,7,12,2017-05-29T22:38:45.331470
DOB,BROOKLYN,BEST/Site Safety,3,4,12,2017-05-29T22:38:45.331470
DOB,BROOKLYN,BEST/Site Safety,4,5,12,2017-05-29T22:38:45.331470
DOB,BROOKLYN,BEST/Site Safety,5,6,12,2017-05-29T22:38:45.331470
DOB,BROOKLYN,BEST/Site Safety,6,2,12,2017-05-29T22:38:45.331470
DOB,BROOKLYN,BEST/Site Safety,7,1,12,2017-05-29T22:38:45.331470
DOB,BROOKLYN,BEST/Site Safety,8,5,12,2017-05-29T22:38:45.331470
DOB,BROOKLYN,BEST/Site Safety,9,5,12,2017-05-29T22:38:45.331470
DOB,BROOKLYN,BEST/Site Safety,10,2,12,2017-05-29T22:38:45.331470
DOB,BROOKLYN,BEST/Site Safety,12,2,12,2017-05-29T22:38:45.331470
DOB,BROOKLYN,BEST/Site Safety,15,1,12,2017-05-29T22:38:45.331470
DOB,BROOKLYN,BEST/Site Safety,31,1,12,2017-05-29T22:38:45.331470
DOB,BROOKLYN,BEST/Site Safety,41,1,12,2017-05-29T22:38:45.331470
DOB,BROOKLYN,BEST/Site Safety,48,1,12,2017-05-29T22:38:45.331470
DOB,BROOKLYN,Boilers,0,2,12,2017-05-29T22:38:45.331470
DOB,BROOKLYN,Boilers,1,2,12,2017-05-29T22:38:45.331470
DOB,BROOKLYN,Boilers,2,6,12,2017-05-29T22:38:45.331470
DOB,BROOKLYN,Boilers,3,1,12,2017-05-29T22:38:45.331470
DOB,BROOKLYN,Boilers,4,2,12,2017-05-29T22:38:45.331470
DOB,BROOKLYN,Boilers,5,3,12,2017-05-29T22:38:45.331470
DOB,BROOKLYN,Boilers,6,3,12,2017-05-29T22:38:45.331470
DOB,BROOKLYN,Boilers,7,3,12,2017-05-29T22:38:45.331470
DOB,BROOKLYN,Boilers,8,2,12,2017-05-29T22:38:45.331470
DOB,BROOKLYN,Boilers,9,3,12,2017-05-29T22:38:45.331470
DOB,BROOKLYN,Boilers,10,2,12,2017-05-29T22:38:45.331470
DOB,BROOKLYN,Boilers,12,1,12,2017-05-29T22:38:45.331470
DOB,BROOKLYN,Boilers,15,1,12,2017-05-29T22:38:45.331470
DOB,BROOKLYN,Boilers,19,1,12,2017-05-29T22:38:45.331470
DOB,BROOKLYN,Boilers,28,1,12,2017-05-29T22:38:45.331470
DOB,BROOKLYN,Boilers,29,1,12,2017-05-29T22:38:45.331470
DOB,BROOKLYN,Boilers,68,1,12,2017-05-29T22:38:45.331470
DOB,BROOKLYN,Building/Use,0,32,12,2017-05-29T22:38:45.331470
DOB,BROOKLYN,Building/Use,1,180,12,2017-05-29T22:38:45.331470
DOB,BROOKLYN,Building/Use,2,126,12,2017-05-29T22:38:45.331470
DOB,BROOKLYN,Building/Use,3,78,12,2017-05-29T22:38:45.331470
DOB,BROOKLYN,Building/Use,4,67,12,2017-05-29T22:38:45.331470
DOB,BROOKLYN,Building/Use,5,50,12,2017-05-29T22:38:45.331470
DOB,BROOKLYN,Building/Use,6,44,12,2017-05-29T22:38:45.331470
DOB,BROOKLYN,Building/Use,7,47,12,2017-05-29T22:38:45.331470
DOB,BROOKLYN,Building/Use,8,33,12,2017-05-29T22:38:45.331470
DOB,BROOKLYN,Building/Use,9,32,12,2017-05-29T22:38:45.331470
DOB,BROOKLYN,Building/Use,10,18,12,2017-05-29T22:38:45.331470
DOB,BROOKLYN,Building/Use,11,12,12,2017-05-29T22:38:45.331470
DOB,BROOKLYN,Building/Use,12,4,12,2017-05-29T22:38:45.331470
DOB,BROOKLYN,Building/Use,13,4,12,2017-05-29T22:38:45.331470
DOB,BROOKLYN,Building/Use,14,4,12,2017-05-29T22:38:45.331470
DOB,BROOKLYN,Building/Use,15,3,12,2017-05-29T22:38:45.331470
DOB,BROOKLYN,Building/Use,17,4,12,2017-05-29T22:38:45.331470
DOB,BROOKLYN,Building/Use,18,1,12,2017-05-29T22:38:45.331470
DOB,BROOKLYN,Building/Use,19,3,12,2017-05-29T22:38:45.331470
DOB,BROOKLYN,Building/Use,20,1,12,2017-05-29T22:38:45.331470
DOB,BROOKLYN,Building/Use,22,2,12,2017-05-29T22:38:45.331470
DOB,BROOKLYN,Building/Use,23,2,12,2017-05-29T22:38:45.331470
DOB,BROOKLYN,Building/Use,24,1,12,2017-05-29T22:38:45.331470
DOB,BROOKLYN,Building/Use,25,2,12,2017-05-29T22:38:45.331470
DOB,BROOKLYN,Building/Use,26,2,12,2017-05-29T22:38:45.331470
DOB,BROOKLYN,Building/Use,29,1,12,2017-05-29T22:38:45.331470
DOB,BROOKLYN,Building/Use,30,4,12,2017-05-29T22:38:45.331470
DOB,BROOKLYN,Building/Use,31,2,12,2017-05-29T22:38:45.331470
DOB,BROOKLYN,Building/Use,32,2,12,2017-05-29T22:38:45.331470
DOB,BROOKLYN,Building/Use,33,1,12,2017-05-29T22:38:45.331470
DOB,BROOKLYN,Building/Use,34,1,12,2017-05-29T22:38:45.331470
DOB,BROOKLYN,Building/Use,35,2,12,2017-05-29T22:38:45.331470
DOB,BROOKLYN,Building/Use,36,1,12,2017-05-29T22:38:45.331470
DOB,BROOKLYN,Building/Use,41,1,12,2017-05-29T22:38:45.331470
DOB,BROOKLYN,Building/Use,44,1,12,2017-05-29T22:38:45.331470
DOB,BROOKLYN,Building/Use,46,1,12,2017-05-29T22:38:45.331470
DOB,BROOKLYN,Building/Use,47,2,12,2017-05-29T22:38:45.331470
DOB,BROOKLYN,Building/Use,48,4,12,2017-05-29T22:38:45.331470
DOB,BROOKLYN,Building/Use,50,6,12,2017-05-29T22:38:45.331470
DOB,BROOKLYN,Building/Use,51,1,12,2017-05-29T22:38:45.331470
DOB,BROOKLYN,Building/Use,52,3,12,2017-05-29T22:38:45.331470
DOB,BROOKLYN,Building/Use,53,2,12,2017-05-29T22:38:45.331470
DOB,BROOKLYN,Building/Use,54,2,12,2017-05-29T22:38:45.331470
DOB,BROOKLYN,Building/Use,55,5,12,2017-05-29T22:38:45.331470
DOB,BROOKLYN,Building/Use,56,8,12,2017-05-29T22:38:45.331470
DOB,BROOKLYN,Building/Use,57,9,12,2017-05-29T22:38:45.331470
DOB,BROOKLYN,Building/Use,58,4,12,2017-05-29T22:38:45.331470
DOB,BROOKLYN,Building/Use,59,4,12,2017-05-29T22:38:45.331470
DOB,BROOKLYN,Building/Use,60,8,12,2017-05-29T22:38:45.331470
DOB,BROOKLYN,Building/Use,61,6,12,2017-05-29T22:38:45.331470
DOB,BROOKLYN,Building/Use,62,4,12,2017-05-29T22:38:45.331470
DOB,BROOKLYN,Building/Use,63,3,12,2017-05-29T22:38:45.331470
DOB,BROOKLYN,Building/Use,64,2,12,2017-05-29T22:38:45.331470
DOB,BROOKLYN,Building/Use,65,5,12,2017-05-29T22:38:45.331470
DOB,BROOKLYN,Building/Use,66,6,12,2017-05-29T22:38:45.331470
DOB,BROOKLYN,Building/Use,67,4,12,2017-05-29T22:38:45.331470
DOB,BROOKLYN,Building/Use,68,9,12,2017-05-29T22:38:45.331470
DOB,BROOKLYN,Building/Use,69,4,12,2017-05-29T22:38:45.331470
DOB,BROOKLYN,Building/Use,70,6,12,2017-05-29T22:38:45.331470
DOB,BROOKLYN,Building/Use,71,1,12,2017-05-29T22:38:45.331470
DOB,BROOKLYN,Building/Use,72,2,12,2017-05-29T22:38:45.331470
DOB,BROOKLYN,Building/Use,73,1,12,2017-05-29T22:38:45.331470
DOB,BROOKLYN,Building/Use,75,2,12,2017-05-29T22:38:45.331470
DOB,BROOKLYN,Building/Use,76,4,12,2017-05-29T22:38:45.331470
DOB,BROOKLYN,Building/Use,77,3,12,2017-05-29T22:38:45.331470
DOB,BROOKLYN,Building/Use,78,1,12,2017-05-29T22:38:45.331470
DOB,BROOKLYN,Cranes and Derricks,0,4,12,2017-05-29T22:38:45.331470
DOB,BROOKLYN,Cranes and Derricks,1,9,12,2017-05-29T22:38:45.331470
DOB,BROOKLYN,Cranes and Derricks,2,1,12,2017-05-29T22:38:45.331470
DOB,BROOKLYN,Cranes and Derricks,4,1,12,2017-05-29T22:38:45.331470
DOB,BROOKLYN,Cranes and Derricks,6,1,12,2017-05-29T22:38:45.331470
DOB,BROOKLYN,Cranes and Derricks,9,1,12,2017-05-29T22:38:45.331470
DOB,BROOKLYN,Cranes and Derricks,10,1,12,2017-05-29T22:38:45.331470
DOB,BROOKLYN,Cranes and Derricks,29,1,12,2017-05-29T22:38:45.331470
DOB,BROOKLYN,Electrical,0,58,12,2017-05-29T22:38:45.331470
DOB,BROOKLYN,Electrical,1,62,12,2017-05-29T22:38:45.331470
DOB,BROOKLYN,Electrical,2,34,12,2017-05-29T22:38:45.331470
DOB,BROOKLYN,Electrical,3,23,12,2017-05-29T22:38:45.331470
DOB,BROOKLYN,Electrical,4,15,12,2017-05-29T22:38:45.331470
DOB,BROOKLYN,Electrical,5,14,12,2017-05-29T22:38:45.331470
DOB,BROOKLYN,Electrical,6,37,12,2017-05-29T22:38:45.331470
DOB,BROOKLYN,Electrical,7,12,12,2017-05-29T22:38:45.331470
DOB,BROOKLYN,Electrical,8,7,12,2017-05-29T22:38:45.331470
DOB,BROOKLYN,Electrical,9,8,12,2017-05-29T22:38:45.331470
DOB,BROOKLYN,Electrical,10,7,12,2017-05-29T22:38:45.331470
DOB,BROOKLYN,Electrical,11,2,12,2017-05-29T22:38:45.331470
DOB,BROOKLYN,Electrical,12,5,12,2017-05-29T22:38:45.331470
DOB,BROOKLYN,Electrical,13,6,12,2017-05-29T22:38:45.331470
DOB,BROOKLYN,Electrical,14,2,12,2017-05-29T22:38:45.331470
DOB,BROOKLYN,Electrical,17,3,12,2017-05-29T22:38:45.331470
DOB,BROOKLYN,Electrical,19,1,12,2017-05-29T22:38:45.331470
DOB,BROOKLYN,Electrical,20,3,12,2017-05-29T22:38:45.331470
DOB,BROOKLYN,Electrical,21,1,12,2017-05-29T22:38:45.331470
DOB,BROOKLYN,Electrical,27,1,12,2017-05-29T22:38:45.331470
DOB,BROOKLYN,Electrical,28,1,12,2017-05-29T22:38:45.331470
DOB,BROOKLYN,Electrical,43,1,12,2017-05-29T22:38:45.331470
DOB,BROOKLYN,Elevator,0,58,12,2017-05-29T22:38:45.331470
DOB,BROOKLYN,Elevator,1,71,12,2017-05-29T22:38:45.331470
DOB,BROOKLYN,Elevator,2,46,12,2017-05-29T22:38:45.331470
DOB,BROOKLYN,Elevator,3,60,12,2017-05-29T22:38:45.331470
DOB,BROOKLYN,Elevator,4,53,12,2017-05-29T22:38:45.331470
DOB,BROOKLYN,Elevator,5,54,12,2017-05-29T22:38:45.331470
DOB,BROOKLYN,Elevator,6,55,12,2017-05-29T22:38:45.331470
DOB,BROOKLYN,Elevator,7,39,12,2017-05-29T22:38:45.331470
DOB,BROOKLYN,Elevator,8,30,12,2017-05-29T22:38:45.331470
DOB,BROOKLYN,Elevator,9,31,12,2017-05-29T22:38:45.331470
DOB,BROOKLYN,Elevator,10,14,12,2017-05-29T22:38:45.331470
DOB,BROOKLYN,Elevator,11,16,12,2017-05-29T22:38:45.331470
DOB,BROOKLYN,Elevator,12,12,12,2017-05-29T22:38:45.331470
DOB,BROOKLYN,Elevator,13,15,12,2017-05-29T22:38:45.331470
DOB,BROOKLYN,Elevator,14,12,12,2017-05-29T22:38:45.331470
DOB,BROOKLYN,Elevator,15,12,12,2017-05-29T22:38:45.331470
DOB,BROOKLYN,Elevator,16,8,12,2017-05-29T22:38:45.331470
DOB,BROOKLYN,Elevator,17,10,12,2017-05-29T22:38:45.331470
DOB,BROOKLYN,Elevator,18,9,12,2017-05-29T22:38:45.331470
DOB,BROOKLYN,Elevator,19,14,12,2017-05-29T22:38:45.331470
DOB,BROOKLYN,Elevator,20,10,12,2017-05-29T22:38:45.331470
DOB,BROOKLYN,Elevator,21,8,12,2017-05-29T22:38:45.331470
DOB,BROOKLYN,Elevator,22,7,12,2017-05-29T22:38:45.331470
DOB,BROOKLYN,Elevator,23,12,12,2017-05-29T22:38:45.331470
DOB,BROOKLYN,Elevator,24,5,12,2017-05-29T22:38:45.331470
DOB,BROOKLYN,Elevator,25,7,12,2017-05-29T22:38:45.331470
DOB,BROOKLYN,Elevator,26,4,12,2017-05-29T22:38:45.331470
DOB,BROOKLYN,Elevator,27,6,12,2017-05-29T22:38:45.331470
DOB,BROOKLYN,Elevator,28,3,12,2017-05-29T22:38:45.331470
DOB,BROOKLYN,Elevator,29,7,12,2017-05-29T22:38:45.331470
DOB,BROOKLYN,Elevator,30,2,12,2017-05-29T22:38:45.331470
DOB,BROOKLYN,Elevator,31,5,12,2017-05-29T22:38:45.331470
DOB,BROOKLYN,Elevator,32,1,12,2017-05-29T22:38:45.331470
DOB,BROOKLYN,Elevator,33,3,12,2017-05-29T22:38:45.331470
DOB,BROOKLYN,Elevator,34,4,12,2017-05-29T22:38:45.331470
DOB,BROOKLYN,Elevator,35,2,12,2017-05-29T22:38:45.331470
DOB,BROOKLYN,Elevator,36,4,12,2017-05-29T22:38:45.331470
DOB,BROOKLYN,Elevator,37,2,12,2017-05-29T22:38:45.331470
DOB,BROOKLYN,Elevator,39,2,12,2017-05-29T22:38:45.331470
DOB,BROOKLYN,Elevator,40,1,12,2017-05-29T22:38:45.331470
DOB,BROOKLYN,Elevator,41,1,12,2017-05-29T22:38:45.331470
DOB,BROOKLYN,Elevator,43,2,12,2017-05-29T22:38:45.331470
DOB,BROOKLYN,Elevator,44,3,12,2017-05-29T22:38:45.331470
DOB,BROOKLYN,Elevator,46,1,12,2017-05-29T22:38:45.331470
DOB,BROOKLYN,Elevator,47,1,12,2017-05-29T22:38:45.331470
DOB,BROOKLYN,Emergency Response Team (ERT),0,2,12,2017-05-29T22:38:45.331470
DOB,BROOKLYN,Emergency Response Team (ERT),1,3,12,2017-05-29T22:38:45.331470
DOB,BROOKLYN,Emergency Response Team (ERT),2,2,12,2017-05-29T22:38:45.331470
DOB,BROOKLYN,Emergency Response Team (ERT),4,3,12,2017-05-29T22:38:45.331470
DOB,BROOKLYN,Emergency Response Team (ERT),5,3,12,2017-05-29T22:38:45.331470
DOB,BROOKLYN,Emergency Response Team (ERT),7,1,12,2017-05-29T22:38:45.331470
DOB,BROOKLYN,Emergency Response Team (ERT),8,1,12,2017-05-29T22:38:45.331470
DOB,BROOKLYN,Emergency Response Team (ERT),9,1,12,2017-05-29T22:38:45.331470
DOB,BROOKLYN,General Construction/Plumbing,0,463,12,2017-05-29T22:38:45.331470
DOB,BROOKLYN,General Construction/Plumbing,1,617,12,2017-05-29T22:38:45.331470
DOB,BROOKLYN,General Construction/Plumbing,2,246,12,2017-05-29T22:38:45.331470
DOB,BROOKLYN,General Construction/Plumbing,3,132,12,2017-05-29T22:38:45.331470
DOB,BROOKLYN,General Construction/Plumbing,4,105,12,2017-05-29T22:38:45.331470
DOB,BROOKLYN,General Construction/Plumbing,5,64,12,2017-05-29T22:38:45.331470
DOB,BROOKLYN,General Construction/Plumbing,6,52,12,2017-05-29T22:38:45.331470
DOB,BROOKLYN,General Construction/Plumbing,7,53,12,2017-05-29T22:38:45.331470
DOB,BROOKLYN,General Construction/Plumbing,8,53,12,2017-05-29T22:38:45.331470
DOB,BROOKLYN,General Construction/Plumbing,9,30,12,2017-05-29T22:38:45.331470
DOB,BROOKLYN,General Construction/Plumbing,10,20,12,2017-05-29T22:38:45.331470
DOB,BROOKLYN,General Construction/Plumbing,11,23,12,2017-05-29T22:38:45.331470
DOB,BROOKLYN,General Construction/Plumbing,12,19,12,2017-05-29T22:38:45.331470
DOB,BROOKLYN,General Construction/Plumbing,13,15,12,2017-05-29T22:38:45.331470
DOB,BROOKLYN,General Construction/Plumbing,14,17,12,2017-05-29T22:38:45.331470
DOB,BROOKLYN,General Construction/Plumbing,15,17,12,2017-05-29T22:38:45.331470
DOB,BROOKLYN,General Construction/Plumbing,16,5,12,2017-05-29T22:38:45.331470
DOB,BROOKLYN,General Construction/Plumbing,17,8,12,2017-05-29T22:38:45.331470
DOB,BROOKLYN,General Construction/Plumbing,18,9,12,2017-05-29T22:38:45.331470
DOB,BROOKLYN,General Construction/Plumbing,19,5,12,2017-05-29T22:38:45.331470
DOB,BROOKLYN,General Construction/Plumbing,20,6,12,2017-05-29T22:38:45.331470
DOB,BROOKLYN,General Construction/Plumbing,21,6,12,2017-05-29T22:38:45.331470
DOB,BROOKLYN,General Construction/Plumbing,22,5,12,2017-05-29T22:38:45.331470
DOB,BROOKLYN,General Construction/Plumbing,23,2,12,2017-05-29T22:38:45.331470
DOB,BROOKLYN,General Construction/Plumbing,24,3,12,2017-05-29T22:38:45.331470
DOB,BROOKLYN,General Construction/Plumbing,25,3,12,2017-05-29T22:38:45.331470
DOB,BROOKLYN,General Construction/Plumbing,26,2,12,2017-05-29T22:38:45.331470
DOB,BROOKLYN,General Construction/Plumbing,27,5,12,2017-05-29T22:38:45.331470
DOB,BROOKLYN,General Construction/Plumbing,28,2,12,2017-05-29T22:38:45.331470
DOB,BROOKLYN,General Construction/Plumbing,29,3,12,2017-05-29T22:38:45.331470
DOB,BROOKLYN,General Construction/Plumbing,30,1,12,2017-05-29T22:38:45.331470
DOB,BROOKLYN,General Construction/Plumbing,33,2,12,2017-05-29T22:38:45.331470
DOB,BROOKLYN,General Construction/Plumbing,34,1,12,2017-05-29T22:38:45.331470
DOB,BROOKLYN,General Construction/Plumbing,35,4,12,2017-05-29T22:38:45.331470
DOB,BROOKLYN,General Construction/Plumbing,36,2,12,2017-05-29T22:38:45.331470
DOB,BROOKLYN,General Construction/Plumbing,37,1,12,2017-05-29T22:38:45.331470
DOB,BROOKLYN,General Construction/Plumbing,38,1,12,2017-05-29T22:38:45.331470
DOB,BROOKLYN,General Construction/Plumbing,39,4,12,2017-05-29T22:38:45.331470
DOB,BROOKLYN,General Construction/Plumbing,40,2,12,2017-05-29T22:38:45.331470
DOB,BROOKLYN,General Construction/Plumbing,41,1,12,2017-05-29T22:38:45.331470
DOB,BROOKLYN,General Construction/Plumbing,43,3,12,2017-05-29T22:38:45.331470
DOB,BROOKLYN,General Construction/Plumbing,45,4,12,2017-05-29T22:38:45.331470
DOB,BROOKLYN,General Construction/Plumbing,46,2,12,2017-05-29T22:38:45.331470
DOB,BROOKLYN,General Construction/Plumbing,47,1,12,2017-05-29T22:38:45.331470
DOB,BROOKLYN,General Construction/Plumbing,48,2,12,2017-05-29T22:38:45.331470
DOB,BROOKLYN,General Construction/Plumbing,49,1,12,2017-05-29T22:38:45.331470
DOB,BROOKLYN,General Construction/Plumbing,50,4,12,2017-05-29T22:38:45.331470
DOB,BROOKLYN,General Construction/Plumbing,51,1,12,2017-05-29T22:38:45.331470
DOB,BROOKLYN,General Construction/Plumbing,52,1,12,2017-05-29T22:38:45.331470
DOB,BROOKLYN,General Construction/Plumbing,53,3,12,2017-05-29T22:38:45.331470
DOB,BROOKLYN,General Construction/Plumbing,54,3,12,2017-05-29T22:38:45.331470
DOB,BROOKLYN,General Construction/Plumbing,55,3,12,2017-05-29T22:38:45.331470
DOB,BROOKLYN,General Construction/Plumbing,56,3,12,2017-05-29T22:38:45.331470
DOB,BROOKLYN,General Construction/Plumbing,58,1,12,2017-05-29T22:38:45.331470
DOB,BROOKLYN,General Construction/Plumbing,59,2,12,2017-05-29T22:38:45.331470
DOB,BROOKLYN,General Construction/Plumbing,61,2,12,2017-05-29T22:38:45.331470
DOB,BROOKLYN,General Construction/Plumbing,63,2,12,2017-05-29T22:38:45.331470
DOB,BROOKLYN,General Construction/Plumbing,64,2,12,2017-05-29T22:38:45.331470
DOB,BROOKLYN,General Construction/Plumbing,66,4,12,2017-05-29T22:38:45.331470
DOB,BROOKLYN,General Construction/Plumbing,68,2,12,2017-05-29T22:38:45.331470
DOB,BROOKLYN,General Construction/Plumbing,70,1,12,2017-05-29T22:38:45.331470
DOB,BROOKLYN,General Construction/Plumbing,72,1,12,2017-05-29T22:38:45.331470
DOB,BROOKLYN,General Construction/Plumbing,73,2,12,2017-05-29T22:38:45.331470
DOB,BROOKLYN,General Construction/Plumbing,76,1,12,2017-05-29T22:38:45.331470
DOB,BROOKLYN,General Construction/Plumbing,78,1,12,2017-05-29T22:38:45.331470
DOB,BROOKLYN,Investigations and Discipline (IAD),0,4,12,2017-05-29T22:38:45.331470
DOB,BROOKLYN,Investigations and Discipline (IAD),1,2,12,2017-05-29T22:38:45.331470
DOB,BROOKLYN,Investigations and Discipline (IAD),3,2,12,2017-05-29T22:38:45.331470
DOB,BROOKLYN,Investigations and Discipline (IAD),4,1,12,2017-05-29T22:38:45.331470
DOB,BROOKLYN,Investigations and Discipline (IAD),5,2,12,2017-05-29T22:38:45.331470
DOB,BROOKLYN,Investigations and Discipline (IAD),6,3,12,2017-05-29T22:38:45.331470
DOB,BROOKLYN,Investigations and Discipline (IAD),7,2,12,2017-05-29T22:38:45.331470
DOB,BROOKLYN,Investigations and Discipline (IAD),9,1,12,2017-05-29T22:38:45.331470
DOB,BROOKLYN,Investigations and Discipline (IAD),13,1,12,2017-05-29T22:38:45.331470
DOB,BROOKLYN,Investigations and Discipline (IAD),15,1,12,2017-05-29T22:38:45.331470
DOB,BROOKLYN,Investigations and Discipline (IAD),19,1,12,2017-05-29T22:38:45.331470
DOB,BROOKLYN,Investigations and Discipline (IAD),28,1,12,2017-05-29T22:38:45.331470
DOB,BROOKLYN,Investigations and Discipline (IAD),36,1,12,2017-05-29T22:38:45.331470
DOB,BROOKLYN,Miscellaneous Categories,29,1,12,2017-05-29T22:38:45.331470
DOB,BROOKLYN,Plumbing,0,72,12,2017-05-29T22:38:45.331470
DOB,BROOKLYN,Plumbing,1,60,12,2017-05-29T22:38:45.331470
DOB,BROOKLYN,Plumbing,2,30,12,2017-05-29T22:38:45.331470
DOB,BROOKLYN,Plumbing,3,21,12,2017-05-29T22:38:45.331470
DOB,BROOKLYN,Plumbing,4,9,12,2017-05-29T22:38:45.331470
DOB,BROOKLYN,Plumbing,5,17,12,2017-05-29T22:38:45.331470
DOB,BROOKLYN,Plumbing,6,25,12,2017-05-29T22:38:45.331470
DOB,BROOKLYN,Plumbing,7,17,12,2017-05-29T22:38:45.331470
DOB,BROOKLYN,Plumbing,8,6,12,2017-05-29T22:38:45.331470
DOB,BROOKLYN,Plumbing,9,8,12,2017-05-29T22:38:45.331470
DOB,BROOKLYN,Plumbing,10,24,12,2017-05-29T22:38:45.331470
DOB,BROOKLYN,Plumbing,11,8,12,2017-05-29T22:38:45.331470
DOB,BROOKLYN,Plumbing,12,4,12,2017-05-29T22:38:45.331470
DOB,BROOKLYN,Plumbing,13,5,12,2017-05-29T22:38:45.331470
DOB,BROOKLYN,Plumbing,14,4,12,2017-05-29T22:38:45.331470
DOB,BROOKLYN,Plumbing,15,12,12,2017-05-29T22:38:45.331470
DOB,BROOKLYN,Plumbing,16,9,12,2017-05-29T22:38:45.331470
DOB,BROOKLYN,Plumbing,17,7,12,2017-05-29T22:38:45.331470
DOB,BROOKLYN,Plumbing,18,3,12,2017-05-29T22:38:45.331470
DOB,BROOKLYN,Plumbing,20,3,12,2017-05-29T22:38:45.331470
DOB,BROOKLYN,Plumbing,21,5,12,2017-05-29T22:38:45.331470
DOB,BROOKLYN,Plumbing,22,2,12,2017-05-29T22:38:45.331470
DOB,BROOKLYN,Plumbing,23,2,12,2017-05-29T22:38:45.331470
DOB,BROOKLYN,Plumbing,24,2,12,2017-05-29T22:38:45.331470
DOB,BROOKLYN,Plumbing,25,3,12,2017-05-29T22:38:45.331470
DOB,BROOKLYN,Plumbing,26,1,12,2017-05-29T22:38:45.331470
DOB,BROOKLYN,Plumbing,27,1,12,2017-05-29T22:38:45.331470
DOB,BROOKLYN,Plumbing,28,2,12,2017-05-29T22:38:45.331470
DOB,BROOKLYN,Plumbing,29,1,12,2017-05-29T22:38:45.331470
DOB,BROOKLYN,Plumbing,30,1,12,2017-05-29T22:38:45.331470
DOB,BROOKLYN,Plumbing,31,1,12,2017-05-29T22:38:45.331470
DOB,BROOKLYN,Plumbing,37,1,12,2017-05-29T22:38:45.331470
DOB,BROOKLYN,Plumbing,38,1,12,2017-05-29T22:38:45.331470
DOB,BROOKLYN,Plumbing,39,1,12,2017-05-29T22:38:45.331470
DOB,BROOKLYN,Plumbing,41,1,12,2017-05-29T22:38:45.331470
DOB,BROOKLYN,Plumbing,42,2,12,2017-05-29T22:38:45.331470
DOB,BROOKLYN,Plumbing,43,3,12,2017-05-29T22:38:45.331470
DOB,BROOKLYN,Plumbing,44,1,12,2017-05-29T22:38:45.331470
DOB,BROOKLYN,Plumbing,45,2,12,2017-05-29T22:38:45.331470
DOB,BROOKLYN,Plumbing,48,1,12,2017-05-29T22:38:45.331470
DOB,BROOKLYN,Plumbing,49,5,12,2017-05-29T22:38:45.331470
DOB,BROOKLYN,Plumbing,50,1,12,2017-05-29T22:38:45.331470
DOB,BROOKLYN,Plumbing,52,2,12,2017-05-29T22:38:45.331470
DOB,BROOKLYN,Plumbing,53,2,12,2017-05-29T22:38:45.331470
DOB,BROOKLYN,Plumbing,56,1,12,2017-05-29T22:38:45.331470
DOB,BROOKLYN,Plumbing,58,1,12,2017-05-29T22:38:45.331470
DOB,BROOKLYN,Plumbing,59,2,12,2017-05-29T22:38:45.331470
DOB,BROOKLYN,Plumbing,60,3,12,2017-05-29T22:38:45.331470
DOB,BROOKLYN,Plumbing,62,1,12,2017-05-29T22:38:45.331470
DOB,BROOKLYN,Plumbing,66,1,12,2017-05-29T22:38:45.331470
DOB,BROOKLYN,Scaffold Safety,0,6,12,2017-05-29T22:38:45.331470
DOB,BROOKLYN,Scaffold Safety,1,6,12,2017-05-29T22:38:45.331470
DOB,BROOKLYN,Scaffold Safety,2,1,12,2017-05-29T22:38:45.331470
DOB,BROOKLYN,Scaffold Safety,4,2,12,2017-05-29T22:38:45.331470
DOB,BROOKLYN,Scaffold Safety,21,1,12,2017-05-29T22:38:45.331470
DOB,BROOKLYN,Special Enforcement,1,1,12,2017-05-29T22:38:45.331470
DOB,BROOKLYN,Special Enforcement,2,3,12,2017-05-29T22:38:45.331470
DOB,BROOKLYN,Special Enforcement,3,10,12,2017-05-29T22:38:45.331470
DOB,BROOKLYN,Special Enforcement,4,5,12,2017-05-29T22:38:45.331470
DOB,BROOKLYN,Special Enforcement,5,5,12,2017-05-29T22:38:45.331470
DOB,BROOKLYN,Special Enforcement,6,15,12,2017-05-29T22:38:45.331470
DOB,BROOKLYN,Special Enforcement,7,29,12,2017-05-29T22:38:45.331470
DOB,BROOKLYN,Special Enforcement,8,31,12,2017-05-29T22:38:45.331470
DOB,BROOKLYN,Special Enforcement,9,25,12,2017-05-29T22:38:45.331470
DOB,BROOKLYN,Special Enforcement,10,10,12,2017-05-29T22:38:45.331470
DOB,BROOKLYN,Special Enforcement,11,8,12,2017-05-29T22:38:45.331470
DOB,BROOKLYN,Special Enforcement,12,2,12,2017-05-29T22:38:45.331470
DOB,BROOKLYN,Special Enforcement,13,2,12,2017-05-29T22:38:45.331470
DOB,BROOKLYN,Special Enforcement,14,11,12,2017-05-29T22:38:45.331470
DOB,BROOKLYN,Special Enforcement,15,4,12,2017-05-29T22:38:45.331470
DOB,BROOKLYN,Special Enforcement,16,3,12,2017-05-29T22:38:45.331470
DOB,BROOKLYN,Special Enforcement,17,1,12,2017-05-29T22:38:45.331470
DOB,BROOKLYN,Special Enforcement,18,1,12,2017-05-29T22:38:45.331470
DOB,BROOKLYN,Special Enforcement,20,3,12,2017-05-29T22:38:45.331470
DOB,BROOKLYN,Special Enforcement,21,2,12,2017-05-29T22:38:45.331470
DOB,BROOKLYN,Special Enforcement,22,3,12,2017-05-29T22:38:45.331470
DOB,BROOKLYN,Special Enforcement,23,1,12,2017-05-29T22:38:45.331470
DOB,BROOKLYN,Special Enforcement,24,1,12,2017-05-29T22:38:45.331470
DOB,BROOKLYN,Special Enforcement,27,3,12,2017-05-29T22:38:45.331470
DOB,BROOKLYN,Special Enforcement,28,1,12,2017-05-29T22:38:45.331470
DOB,BROOKLYN,Special Enforcement,29,1,12,2017-05-29T22:38:45.331470
DOB,BROOKLYN,Special Enforcement,31,4,12,2017-05-29T22:38:45.331470
DOB,BROOKLYN,Special Enforcement,32,1,12,2017-05-29T22:38:45.331470
DOB,BROOKLYN,Special Enforcement,33,2,12,2017-05-29T22:38:45.331470
DOB,BROOKLYN,Special Enforcement,34,2,12,2017-05-29T22:38:45.331470
DOB,BROOKLYN,Special Enforcement,35,1,12,2017-05-29T22:38:45.331470
DOB,BROOKLYN,Special Enforcement,38,1,12,2017-05-29T22:38:45.331470
DOB,BROOKLYN,Special Enforcement,39,1,12,2017-05-29T22:38:45.331470
DOB,BROOKLYN,Special Enforcement,41,2,12,2017-05-29T22:38:45.331470
DOB,BROOKLYN,Special Enforcement,42,1,12,2017-05-29T22:38:45.331470
DOB,BROOKLYN,Special Enforcement,49,1,12,2017-05-29T22:38:45.331470
DOB,BROOKLYN,Special Enforcement,57,1,12,2017-05-29T22:38:45.331470
DOB,BROOKLYN,Special Enforcement,64,1,12,2017-05-29T22:38:45.331470
DOB,BROOKLYN,Special Natural Area District (SNAD),1,1,12,2017-05-29T22:38:45.331470
DOB,BROOKLYN,Special Natural Area District (SNAD),2,1,12,2017-05-29T22:38:45.331470
DOB,BROOKLYN,Special Natural Area District (SNAD),5,2,12,2017-05-29T22:38:45.331470
DOB,BROOKLYN,Special Natural Area District (SNAD),8,1,12,2017-05-29T22:38:45.331470
DOB,BROOKLYN,Special Natural Area District (SNAD),10,1,12,2017-05-29T22:38:45.331470
DOB,BROOKLYN,Special Projects Inspection Team (SPIT),0,17,12,2017-05-29T22:38:45.331470
DOB,BROOKLYN,Special Projects Inspection Team (SPIT),1,4,12,2017-05-29T22:38:45.331470
DOB,BROOKLYN,Special Projects Inspection Team (SPIT),2,11,12,2017-05-29T22:38:45.331470
DOB,BROOKLYN,Special Projects Inspection Team (SPIT),3,7,12,2017-05-29T22:38:45.331470
DOB,BROOKLYN,Special Projects Inspection Team (SPIT),4,5,12,2017-05-29T22:38:45.331470
DOB,BROOKLYN,Special Projects Inspection Team (SPIT),5,6,12,2017-05-29T22:38:45.331470
DOB,BROOKLYN,Special Projects Inspection Team (SPIT),6,6,12,2017-05-29T22:38:45.331470
DOB,BROOKLYN,Special Projects Inspection Team (SPIT),7,4,12,2017-05-29T22:38:45.331470
DOB,BROOKLYN,Special Projects Inspection Team (SPIT),8,1,12,2017-05-29T22:38:45.331470
DOB,BROOKLYN,Special Projects Inspection Team (SPIT),9,4,12,2017-05-29T22:38:45.331470
DOB,BROOKLYN,Special Projects Inspection Team (SPIT),10,2,12,2017-05-29T22:38:45.331470
DOB,BROOKLYN,Special Projects Inspection Team (SPIT),11,1,12,2017-05-29T22:38:45.331470
DOB,BROOKLYN,Special Projects Inspection Team (SPIT),12,1,12,2017-05-29T22:38:45.331470
DOB,BROOKLYN,Special Projects Inspection Team (SPIT),13,1,12,2017-05-29T22:38:45.331470
DOB,BROOKLYN,Special Projects Inspection Team (SPIT),14,2,12,2017-05-29T22:38:45.331470
DOB,BROOKLYN,Special Projects Inspection Team (SPIT),15,7,12,2017-05-29T22:38:45.331470
DOB,BROOKLYN,Special Projects Inspection Team (SPIT),16,7,12,2017-05-29T22:38:45.331470
DOB,BROOKLYN,Special Projects Inspection Team (SPIT),17,4,12,2017-05-29T22:38:45.331470
DOB,BROOKLYN,Special Projects Inspection Team (SPIT),19,2,12,2017-05-29T22:38:45.331470
DOB,BROOKLYN,Special Projects Inspection Team (SPIT),20,1,12,2017-05-29T22:38:45.331470
DOB,BROOKLYN,Special Projects Inspection Team (SPIT),21,4,12,2017-05-29T22:38:45.331470
DOB,BROOKLYN,Special Projects Inspection Team (SPIT),22,2,12,2017-05-29T22:38:45.331470
DOB,BROOKLYN,Special Projects Inspection Team (SPIT),23,2,12,2017-05-29T22:38:45.331470
DOB,BROOKLYN,Special Projects Inspection Team (SPIT),24,1,12,2017-05-29T22:38:45.331470
DOB,BROOKLYN,Special Projects Inspection Team (SPIT),25,2,12,2017-05-29T22:38:45.331470
DOB,BROOKLYN,Special Projects Inspection Team (SPIT),26,1,12,2017-05-29T22:38:45.331470
DOB,BROOKLYN,Special Projects Inspection Team (SPIT),27,4,12,2017-05-29T22:38:45.331470
DOB,BROOKLYN,Special Projects Inspection Team (SPIT),28,2,12,2017-05-29T22:38:45.331470
DOB,BROOKLYN,Special Projects Inspection Team (SPIT),29,2,12,2017-05-29T22:38:45.331470
DOB,BROOKLYN,Special Projects Inspection Team (SPIT),30,1,12,2017-05-29T22:38:45.331470
DOB,BROOKLYN,Special Projects Inspection Team (SPIT),31,6,12,2017-05-29T22:38:45.331470
DOB,BROOKLYN,Special Projects Inspection Team (SPIT),32,1,12,2017-05-29T22:38:45.331470
DOB,BROOKLYN,Special Projects Inspection Team (SPIT),33,3,12,2017-05-29T22:38:45.331470
DOB,BROOKLYN,Special Projects Inspection Team (SPIT),34,3,12,2017-05-29T22:38:45.331470
DOB,BROOKLYN,Special Projects Inspection Team (SPIT),35,5,12,2017-05-29T22:38:45.331470
DOB,BROOKLYN,Special Projects Inspection Team (SPIT),36,6,12,2017-05-29T22:38:45.331470
DOB,BROOKLYN,Special Projects Inspection Team (SPIT),37,4,12,2017-05-29T22:38:45.331470
DOB,BROOKLYN,Special Projects Inspection Team (SPIT),38,3,12,2017-05-29T22:38:45.331470
DOB,BROOKLYN,Special Projects Inspection Team (SPIT),39,1,12,2017-05-29T22:38:45.331470
DOB,BROOKLYN,Special Projects Inspection Team (SPIT),40,2,12,2017-05-29T22:38:45.331470
DOB,BROOKLYN,Special Projects Inspection Team (SPIT),42,4,12,2017-05-29T22:38:45.331470
DOB,BROOKLYN,Special Projects Inspection Team (SPIT),43,3,12,2017-05-29T22:38:45.331470
DOB,BROOKLYN,Special Projects Inspection Team (SPIT),45,3,12,2017-05-29T22:38:45.331470
DOB,BROOKLYN,Special Projects Inspection Team (SPIT),46,1,12,2017-05-29T22:38:45.331470
DOB,BROOKLYN,Special Projects Inspection Team (SPIT),47,1,12,2017-05-29T22:38:45.331470
DOB,BROOKLYN,Special Projects Inspection Team (SPIT),48,2,12,2017-05-29T22:38:45.331470
DOB,BROOKLYN,Special Projects Inspection Team (SPIT),50,1,12,2017-05-29T22:38:45.331470
DOB,BROOKLYN,Special Projects Inspection Team (SPIT),51,3,12,2017-05-29T22:38:45.331470
DOB,BROOKLYN,Special Projects Inspection Team (SPIT),52,1,12,2017-05-29T22:38:45.331470
DOB,BROOKLYN,Special Projects Inspection Team (SPIT),54,1,12,2017-05-29T22:38:45.331470
DOB,BROOKLYN,Special Projects Inspection Team (SPIT),58,2,12,2017-05-29T22:38:45.331470
DOB,BROOKLYN,Special Projects Inspection Team (SPIT),59,2,12,2017-05-29T22:38:45.331470
DOB,BROOKLYN,Special Projects Inspection Team (SPIT),60,3,12,2017-05-29T22:38:45.331470
DOB,BROOKLYN,Special Projects Inspection Team (SPIT),61,1,12,2017-05-29T22:38:45.331470
DOB,BROOKLYN,Special Projects Inspection Team (SPIT),62,1,12,2017-05-29T22:38:45.331470
DOB,BROOKLYN,Special Projects Inspection Team (SPIT),63,2,12,2017-05-29T22:38:45.331470
DOB,BROOKLYN,Special Projects Inspection Team (SPIT),64,1,12,2017-05-29T22:38:45.331470
DOB,BROOKLYN,Special Projects Inspection Team (SPIT),65,1,12,2017-05-29T22:38:45.331470
DOB,BROOKLYN,Special Projects Inspection Team (SPIT),67,1,12,2017-05-29T22:38:45.331470
DOB,BROOKLYN,Special Projects Inspection Team (SPIT),73,3,12,2017-05-29T22:38:45.331470
DOB,BROOKLYN,Special Projects Inspection Team (SPIT),74,1,12,2017-05-29T22:38:45.331470
DOB,BROOKLYN,Special Projects Inspection Team (SPIT),76,1,12,2017-05-29T22:38:45.331470
DOB,MANHATTAN,BEST/Site Safety,0,2,12,2017-05-29T22:42:20.133337
DOB,MANHATTAN,BEST/Site Safety,1,10,12,2017-05-29T22:42:20.133337
DOB,MANHATTAN,BEST/Site Safety,3,4,12,2017-05-29T22:42:20.133337
DOB,MANHATTAN,BEST/Site Safety,4,1,12,2017-05-29T22:42:20.133337
DOB,MANHATTAN,BEST/Site Safety,5,2,12,2017-05-29T22:42:20.133337
DOB,MANHATTAN,BEST/Site Safety,6,3,12,2017-05-29T22:42:20.133337
DOB,MANHATTAN,BEST/Site Safety,25,1,12,2017-05-29T22:42:20.133337
DOB,MANHATTAN,Boilers,0,3,12,2017-05-29T22:42:20.133337
DOB,MANHATTAN,Boilers,1,3,12,2017-05-29T22:42:20.133337
DOB,MANHATTAN,Boilers,2,3,12,2017-05-29T22:42:20.133337
DOB,MANHATTAN,Boilers,3,6,12,2017-05-29T22:42:20.133337
DOB,MANHATTAN,Boilers,4,2,12,2017-05-29T22:42:20.133337
DOB,MANHATTAN,Boilers,5,2,12,2017-05-29T22:42:20.133337
DOB,MANHATTAN,Boilers,6,2,12,2017-05-29T22:42:20.133337
DOB,MANHATTAN,Boilers,7,1,12,2017-05-29T22:42:20.133337
DOB,MANHATTAN,Boilers,8,1,12,2017-05-29T22:42:20.133337
DOB,MANHATTAN,Boilers,12,1,12,2017-05-29T22:42:20.133337
DOB,MANHATTAN,Boilers,22,1,12,2017-05-29T22:42:20.133337
DOB,MANHATTAN,Boilers,23,1,12,2017-05-29T22:42:20.133337
DOB,MANHATTAN,Boilers,29,1,12,2017-05-29T22:42:20.133337
DOB,MANHATTAN,Boilers,38,1,12,2017-05-29T22:42:20.133337
DOB,MANHATTAN,Boilers,68,1,12,2017-05-29T22:42:20.133337
DOB,MANHATTAN,Building/Use,0,7,12,2017-05-29T22:42:20.133337
DOB,MANHATTAN,Building/Use,1,3,12,2017-05-29T22:42:20.133337
DOB,MANHATTAN,Building/Use,2,1,12,2017-05-29T22:42:20.133337
DOB,MANHATTAN,Building/Use,3,2,12,2017-05-29T22:42:20.133337
DOB,MANHATTAN,Building/Use,4,2,12,2017-05-29T22:42:20.133337
DOB,MANHATTAN,Building/Use,5,3,12,2017-05-29T22:42:20.133337
DOB,MANHATTAN,Building/Use,6,1,12,2017-05-29T22:42:20.133337
DOB,MANHATTAN,Building/Use,7,4,12,2017-05-29T22:42:20.133337
DOB,MANHATTAN,Building/Use,8,3,12,2017-05-29T22:42:20.133337
DOB,MANHATTAN,Building/Use,9,2,12,2017-05-29T22:42:20.133337
DOB,MANHATTAN,Building/Use,10,1,12,2017-05-29T22:42:20.133337
DOB,MANHATTAN,Building/Use,11,2,12,2017-05-29T22:42:20.133337
DOB,MANHATTAN,Building/Use,12,2,12,2017-05-29T22:42:20.133337
DOB,MANHATTAN,Building/Use,13,1,12,2017-05-29T22:42:20.133337
DOB,MANHATTAN,Building/Use,14,2,12,2017-05-29T22:42:20.133337
DOB,MANHATTAN,Building/Use,15,1,12,2017-05-29T22:42:20.133337
DOB,MANHATTAN,Building/Use,16,1,12,2017-05-29T22:42:20.133337
DOB,MANHATTAN,Building/Use,17,2,12,2017-05-29T22:42:20.133337
DOB,MANHATTAN,Building/Use,18,1,12,2017-05-29T22:42:20.133337
DOB,MANHATTAN,Building/Use,19,2,12,2017-05-29T22:42:20.133337
DOB,MANHATTAN,Building/Use,27,1,12,2017-05-29T22:42:20.133337
DOB,MANHATTAN,Building/Use,30,1,12,2017-05-29T22:42:20.133337
DOB,MANHATTAN,Building/Use,34,1,12,2017-05-29T22:42:20.133337
DOB,MANHATTAN,Building/Use,35,1,12,2017-05-29T22:42:20.133337
DOB,MANHATTAN,Building/Use,37,1,12,2017-05-29T22:42:20.133337
DOB,MANHATTAN,Building/Use,40,1,12,2017-05-29T22:42:20.133337
DOB,MANHATTAN,Building/Use,42,1,12,2017-05-29T22:42:20.133337
DOB,MANHATTAN,Building/Use,47,1,12,2017-05-29T22:42:20.133337
DOB,MANHATTAN,Building/Use,51,1,12,2017-05-29T22:42:20.133337
DOB,MANHATTAN,Building/Use,53,1,12,2017-05-29T22:42:20.133337
DOB,MANHATTAN,Building/Use,58,1,12,2017-05-29T22:42:20.133337
DOB,MANHATTAN,Building/Use,60,1,12,2017-05-29T22:42:20.133337
DOB,MANHATTAN,Building/Use,61,5,12,2017-05-29T22:42:20.133337
DOB,MANHATTAN,Building/Use,62,7,12,2017-05-29T22:42:20.133337
DOB,MANHATTAN,Building/Use,63,2,12,2017-05-29T22:42:20.133337
DOB,MANHATTAN,Building/Use,64,2,12,2017-05-29T22:42:20.133337
DOB,MANHATTAN,Building/Use,65,1,12,2017-05-29T22:42:20.133337
DOB,MANHATTAN,Building/Use,66,1,12,2017-05-29T22:42:20.133337
DOB,MANHATTAN,Building/Use,67,1,12,2017-05-29T22:42:20.133337
DOB,MANHATTAN,Building/Use,68,1,12,2017-05-29T22:42:20.133337
DOB,MANHATTAN,Building/Use,69,1,12,2017-05-29T22:42:20.133337
DOB,MANHATTAN,Building/Use,70,2,12,2017-05-29T22:42:20.133337
DOB,MANHATTAN,Building/Use,72,1,12,2017-05-29T22:42:20.133337
DOB,MANHATTAN,Building/Use,74,1,12,2017-05-29T22:42:20.133337
DOB,MANHATTAN,Building/Use,75,1,12,2017-05-29T22:42:20.133337
DOB,MANHATTAN,Building/Use,76,1,12,2017-05-29T22:42:20.133337
DOB,MANHATTAN,Building/Use,77,2,12,2017-05-29T22:42:20.133337
DOB,MANHATTAN,Cranes and Derricks,0,5,12,2017-05-29T22:42:20.133337
DOB,MANHATTAN,Cranes and Derricks,1,8,12,2017-05-29T22:42:20.133337
DOB,MANHATTAN,Cranes and Derricks,2,3,12,2017-05-29T22:42:20.133337
DOB,MANHATTAN,Cranes and Derricks,3,5,12,2017-05-29T22:42:20.133337
DOB,MANHATTAN,Cranes and Derricks,4,4,12,2017-05-29T22:42:20.133337
DOB,MANHATTAN,Cranes and Derricks,6,1,12,2017-05-29T22:42:20.133337
DOB,MANHATTAN,Cranes and Derricks,8,1,12,2017-05-29T22:42:20.133337
DOB,MANHATTAN,Cranes and Derricks,16,1,12,2017-05-29T22:42:20.133337
DOB,MANHATTAN,Cranes and Derricks,32,1,12,2017-05-29T22:42:20.133337
DOB,MANHATTAN,Electrical,0,9,12,2017-05-29T22:42:20.133337
DOB,MANHATTAN,Electrical,1,18,12,2017-05-29T22:42:20.133337
DOB,MANHATTAN,Electrical,2,18,12,2017-05-29T22:42:20.133337
DOB,MANHATTAN,Electrical,3,7,12,2017-05-29T22:42:20.133337
DOB,MANHATTAN,Electrical,4,22,12,2017-05-29T22:42:20.133337
DOB,MANHATTAN,Electrical,5,13,12,2017-05-29T22:42:20.133337
DOB,MANHATTAN,Electrical,6,7,12,2017-05-29T22:42:20.133337
DOB,MANHATTAN,Electrical,7,14,12,2017-05-29T22:42:20.133337
DOB,MANHATTAN,Electrical,8,8,12,2017-05-29T22:42:20.133337
DOB,MANHATTAN,Electrical,10,2,12,2017-05-29T22:42:20.133337
DOB,MANHATTAN,Electrical,11,4,12,2017-05-29T22:42:20.133337
DOB,MANHATTAN,Electrical,12,3,12,2017-05-29T22:42:20.133337
DOB,MANHATTAN,Electrical,13,1,12,2017-05-29T22:42:20.133337
DOB,MANHATTAN,Electrical,14,3,12,2017-05-29T22:42:20.133337
DOB,MANHATTAN,Electrical,15,2,12,2017-05-29T22:42:20.133337
DOB,MANHATTAN,Electrical,17,3,12,2017-05-29T22:42:20.133337
DOB,MANHATTAN,Electrical,20,1,12,2017-05-29T22:42:20.133337
DOB,MANHATTAN,Electrical,21,1,12,2017-05-29T22:42:20.133337
DOB,MANHATTAN,Electrical,25,1,12,2017-05-29T22:42:20.133337
DOB,MANHATTAN,Electrical,35,1,12,2017-05-29T22:42:20.133337
DOB,MANHATTAN,Electrical,37,1,12,2017-05-29T22:42:20.133337
DOB,MANHATTAN,Electrical,53,1,12,2017-05-29T22:42:20.133337
DOB,MANHATTAN,Elevator,0,97,12,2017-05-29T22:42:20.133337
DOB,MANHATTAN,Elevator,1,109,12,2017-05-29T22:42:20.133337
DOB,MANHATTAN,Elevator,2,64,12,2017-05-29T22:42:20.133337
DOB,MANHATTAN,Elevator,3,51,12,2017-05-29T22:42:20.133337
DOB,MANHATTAN,Elevator,4,52,12,2017-05-29T22:42:20.133337
DOB,MANHATTAN,Elevator,5,47,12,2017-05-29T22:42:20.133337
DOB,MANHATTAN,Elevator,6,52,12,2017-05-29T22:42:20.133337
DOB,MANHATTAN,Elevator,7,44,12,2017-05-29T22:42:20.133337
DOB,MANHATTAN,Elevator,8,24,12,2017-05-29T22:42:20.133337
DOB,MANHATTAN,Elevator,9,23,12,2017-05-29T22:42:20.133337
DOB,MANHATTAN,Elevator,10,18,12,2017-05-29T22:42:20.133337
DOB,MANHATTAN,Elevator,11,17,12,2017-05-29T22:42:20.133337
DOB,MANHATTAN,Elevator,12,23,12,2017-05-29T22:42:20.133337
DOB,MANHATTAN,Elevator,13,17,12,2017-05-29T22:42:20.133337
DOB,MANHATTAN,Elevator,14,17,12,2017-05-29T22:42:20.133337
DOB,MANHATTAN,Elevator,15,6,12,2017-05-29T22:42:20.133337
DOB,MANHATTAN,Elevator,16,11,12,2017-05-29T22:42:20.133337
DOB,MANHATTAN,Elevator,17,13,12,2017-05-29T22:42:20.133337
DOB,MANHATTAN,Elevator,18,14,12,2017-05-29T22:42:20.133337
DOB,MANHATTAN,Elevator,19,10,12,2017-05-29T22:42:20.133337
DOB,MANHATTAN,Elevator,20,9,12,2017-05-29T22:42:20.133337
DOB,MANHATTAN,Elevator,21,10,12,2017-05-29T22:42:20.133337
DOB,MANHATTAN,Elevator,22,5,12,2017-05-29T22:42:20.133337
DOB,MANHATTAN,Elevator,23,5,12,2017-05-29T22:42:20.133337
DOB,MANHATTAN,Elevator,24,7,12,2017-05-29T22:42:20.133337
DOB,MANHATTAN,Elevator,25,6,12,2017-05-29T22:42:20.133337
DOB,MANHATTAN,Elevator,26,5,12,2017-05-29T22:42:20.133337
DOB,MANHATTAN,Elevator,27,2,12,2017-05-29T22:42:20.133337
DOB,MANHATTAN,Elevator,28,4,12,2017-05-29T22:42:20.133337
DOB,MANHATTAN,Elevator,29,1,12,2017-05-29T22:42:20.133337
DOB,MANHATTAN,Elevator,30,6,12,2017-05-29T22:42:20.133337
DOB,MANHATTAN,Elevator,31,7,12,2017-05-29T22:42:20.133337
DOB,MANHATTAN,Elevator,32,2,12,2017-05-29T22:42:20.133337
DOB,MANHATTAN,Elevator,33,3,12,2017-05-29T22:42:20.133337
DOB,MANHATTAN,Elevator,34,2,12,2017-05-29T22:42:20.133337
DOB,MANHATTAN,Elevator,35,2,12,2017-05-29T22:42:20.133337
DOB,MANHATTAN,Elevator,36,2,12,2017-05-29T22:42:20.133337
DOB,MANHATTAN,Elevator,37,3,12,2017-05-29T22:42:20.133337
DOB,MANHATTAN,Elevator,38,4,12,2017-05-29T22:42:20.133337
DOB,MANHATTAN,Elevator,40,2,12,2017-05-29T22:42:20.133337
DOB,MANHATTAN,Elevator,42,2,12,2017-05-29T22:42:20.133337
DOB,MANHATTAN,Elevator,43,1,12,2017-05-29T22:42:20.133337
DOB,MANHATTAN,Emergency Response Team (ERT),0,1,12,2017-05-29T22:42:20.133337
DOB,MANHATTAN,Emergency Response Team (ERT),1,2,12,2017-05-29T22:42:20.133337
DOB,MANHATTAN,Emergency Response Team (ERT),4,1,12,2017-05-29T22:42:20.133337
DOB,MANHATTAN,Emergency Response Team (ERT),5,1,12,2017-05-29T22:42:20.133337
DOB,MANHATTAN,Emergency Response Team (ERT),11,1,12,2017-05-29T22:42:20.133337
DOB,MANHATTAN,Emergency Response Team (ERT),12,1,12,2017-05-29T22:42:20.133337
DOB,MANHATTAN,General Construction/Plumbing,0,322,12,2017-05-29T22:42:20.133337
DOB,MANHATTAN,General Construction/Plumbing,1,323,12,2017-05-29T22:42:20.133337
DOB,MANHATTAN,General Construction/Plumbing,2,157,12,2017-05-29T22:42:20.133337
DOB,MANHATTAN,General Construction/Plumbing,3,93,12,2017-05-29T22:42:20.133337
DOB,MANHATTAN,General Construction/Plumbing,4,58,12,2017-05-29T22:42:20.133337
DOB,MANHATTAN,General Construction/Plumbing,5,38,12,2017-05-29T22:42:20.133337
DOB,MANHATTAN,General Construction/Plumbing,6,33,12,2017-05-29T22:42:20.133337
DOB,MANHATTAN,General Construction/Plumbing,7,33,12,2017-05-29T22:42:20.133337
DOB,MANHATTAN,General Construction/Plumbing,8,28,12,2017-05-29T22:42:20.133337
DOB,MANHATTAN,General Construction/Plumbing,9,12,12,2017-05-29T22:42:20.133337
DOB,MANHATTAN,General Construction/Plumbing,10,15,12,2017-05-29T22:42:20.133337
DOB,MANHATTAN,General Construction/Plumbing,11,11,12,2017-05-29T22:42:20.133337
DOB,MANHATTAN,General Construction/Plumbing,12,9,12,2017-05-29T22:42:20.133337
DOB,MANHATTAN,General Construction/Plumbing,13,12,12,2017-05-29T22:42:20.133337
DOB,MANHATTAN,General Construction/Plumbing,14,9,12,2017-05-29T22:42:20.133337
DOB,MANHATTAN,General Construction/Plumbing,15,10,12,2017-05-29T22:42:20.133337
DOB,MANHATTAN,General Construction/Plumbing,16,5,12,2017-05-29T22:42:20.133337
DOB,MANHATTAN,General Construction/Plumbing,17,8,12,2017-05-29T22:42:20.133337
DOB,MANHATTAN,General Construction/Plumbing,18,6,12,2017-05-29T22:42:20.133337
DOB,MANHATTAN,General Construction/Plumbing,19,5,12,2017-05-29T22:42:20.133337
DOB,MANHATTAN,General Construction/Plumbing,20,4,12,2017-05-29T22:42:20.133337
DOB,MANHATTAN,General Construction/Plumbing,21,8,12,2017-05-29T22:42:20.133337
DOB,MANHATTAN,General Construction/Plumbing,22,4,12,2017-05-29T22:42:20.133337
DOB,MANHATTAN,General Construction/Plumbing,23,6,12,2017-05-29T22:42:20.133337
DOB,MANHATTAN,General Construction/Plumbing,24,2,12,2017-05-29T22:42:20.133337
DOB,MANHATTAN,General Construction/Plumbing,25,1,12,2017-05-29T22:42:20.133337
DOB,MANHATTAN,General Construction/Plumbing,27,2,12,2017-05-29T22:42:20.133337
DOB,MANHATTAN,General Construction/Plumbing,28,4,12,2017-05-29T22:42:20.133337
DOB,MANHATTAN,General Construction/Plumbing,29,1,12,2017-05-29T22:42:20.133337
DOB,MANHATTAN,General Construction/Plumbing,30,1,12,2017-05-29T22:42:20.133337
DOB,MANHATTAN,General Construction/Plumbing,31,1,12,2017-05-29T22:42:20.133337
DOB,MANHATTAN,General Construction/Plumbing,33,4,12,2017-05-29T22:42:20.133337
DOB,MANHATTAN,General Construction/Plumbing,34,1,12,2017-05-29T22:42:20.133337
DOB,MANHATTAN,General Construction/Plumbing,35,1,12,2017-05-29T22:42:20.133337
DOB,MANHATTAN,General Construction/Plumbing,36,3,12,2017-05-29T22:42:20.133337
DOB,MANHATTAN,General Construction/Plumbing,37,2,12,2017-05-29T22:42:20.133337
DOB,MANHATTAN,General Construction/Plumbing,38,1,12,2017-05-29T22:42:20.133337
DOB,MANHATTAN,General Construction/Plumbing,39,1,12,2017-05-29T22:42:20.133337
DOB,MANHATTAN,General Construction/Plumbing,40,2,12,2017-05-29T22:42:20.133337
DOB,MANHATTAN,General Construction/Plumbing,41,3,12,2017-05-29T22:42:20.133337
DOB,MANHATTAN,General Construction/Plumbing,44,1,12,2017-05-29T22:42:20.133337
DOB,MANHATTAN,General Construction/Plumbing,45,1,12,2017-05-29T22:42:20.133337
DOB,MANHATTAN,General Construction/Plumbing,46,2,12,2017-05-29T22:42:20.133337
DOB,MANHATTAN,General Construction/Plumbing,47,4,12,2017-05-29T22:42:20.133337
DOB,MANHATTAN,General Construction/Plumbing,50,1,12,2017-05-29T22:42:20.133337
DOB,MANHATTAN,General Construction/Plumbing,55,3,12,2017-05-29T22:42:20.133337
DOB,MANHATTAN,General Construction/Plumbing,56,2,12,2017-05-29T22:42:20.133337
DOB,MANHATTAN,General Construction/Plumbing,57,1,12,2017-05-29T22:42:20.133337
DOB,MANHATTAN,General Construction/Plumbing,59,1,12,2017-05-29T22:42:20.133337
DOB,MANHATTAN,General Construction/Plumbing,61,1,12,2017-05-29T22:42:20.133337
DOB,MANHATTAN,General Construction/Plumbing,62,1,12,2017-05-29T22:42:20.133337
DOB,MANHATTAN,General Construction/Plumbing,63,4,12,2017-05-29T22:42:20.133337
DOB,MANHATTAN,General Construction/Plumbing,64,4,12,2017-05-29T22:42:20.133337
DOB,MANHATTAN,General Construction/Plumbing,65,5,12,2017-05-29T22:42:20.133337
DOB,MANHATTAN,General Construction/Plumbing,66,1,12,2017-05-29T22:42:20.133337
DOB,MANHATTAN,General Construction/Plumbing,67,2,12,2017-05-29T22:42:20.133337
DOB,MANHATTAN,General Construction/Plumbing,68,2,12,2017-05-29T22:42:20.133337
DOB,MANHATTAN,General Construction/Plumbing,69,1,12,2017-05-29T22:42:20.133337
DOB,MANHATTAN,General Construction/Plumbing,70,1,12,2017-05-29T22:42:20.133337
DOB,MANHATTAN,General Construction/Plumbing,73,1,12,2017-05-29T22:42:20.133337
DOB,MANHATTAN,General Construction/Plumbing,75,1,12,2017-05-29T22:42:20.133337
DOB,MANHATTAN,Investigations and Discipline (IAD),0,1,12,2017-05-29T22:42:20.133337
DOB,MANHATTAN,Investigations and Discipline (IAD),1,1,12,2017-05-29T22:42:20.133337
DOB,MANHATTAN,Investigations and Discipline (IAD),2,3,12,2017-05-29T22:42:20.133337
DOB,MANHATTAN,Investigations and Discipline (IAD),3,2,12,2017-05-29T22:42:20.133337
DOB,MANHATTAN,Investigations and Discipline (IAD),4,2,12,2017-05-29T22:42:20.133337
DOB,MANHATTAN,Investigations and Discipline (IAD),5,5,12,2017-05-29T22:42:20.133337
DOB,MANHATTAN,Investigations and Discipline (IAD),6,3,12,2017-05-29T22:42:20.133337
DOB,MANHATTAN,Investigations and Discipline (IAD),9,1,12,2017-05-29T22:42:20.133337
DOB,MANHATTAN,Investigations and Discipline (IAD),13,1,12,2017-05-29T22:42:20.133337
DOB,MANHATTAN,Miscellaneous Categories,7,1,12,2017-05-29T22:42:20.133337
DOB,MANHATTAN,Miscellaneous Categories,8,2,12,2017-05-29T22:42:20.133337
DOB,MANHATTAN,Plumbing,0,11,12,2017-05-29T22:42:20.133337
DOB,MANHATTAN,Plumbing,1,25,12,2017-05-29T22:42:20.133337
DOB,MANHATTAN,Plumbing,2,24,12,2017-05-29T22:42:20.133337
DOB,MANHATTAN,Plumbing,3,16,12,2017-05-29T22:42:20.133337
DOB,MANHATTAN,Plumbing,4,10,12,2017-05-29T22:42:20.133337
DOB,MANHATTAN,Plumbing,5,2,12,2017-05-29T22:42:20.133337
DOB,MANHATTAN,Plumbing,6,12,12,2017-05-29T22:42:20.133337
DOB,MANHATTAN,Plumbing,7,11,12,2017-05-29T22:42:20.133337
DOB,MANHATTAN,Plumbing,8,9,12,2017-05-29T22:42:20.133337
DOB,MANHATTAN,Plumbing,9,2,12,2017-05-29T22:42:20.133337
DOB,MANHATTAN,Plumbing,10,15,12,2017-05-29T22:42:20.133337
DOB,MANHATTAN,Plumbing,11,8,12,2017-05-29T22:42:20.133337
DOB,MANHATTAN,Plumbing,12,2,12,2017-05-29T22:42:20.133337
DOB,MANHATTAN,Plumbing,13,9,12,2017-05-29T22:42:20.133337
DOB,MANHATTAN,Plumbing,14,8,12,2017-05-29T22:42:20.133337
DOB,MANHATTAN,Plumbing,17,2,12,2017-05-29T22:42:20.133337
DOB,MANHATTAN,Plumbing,20,4,12,2017-05-29T22:42:20.133337
DOB,MANHATTAN,Plumbing,21,2,12,2017-05-29T22:42:20.133337
DOB,MANHATTAN,Plumbing,24,2,12,2017-05-29T22:42:20.133337
DOB,MANHATTAN,Plumbing,25,1,12,2017-05-29T22:42:20.133337
DOB,MANHATTAN,Plumbing,28,1,12,2017-05-29T22:42:20.133337
DOB,MANHATTAN,Plumbing,30,1,12,2017-05-29T22:42:20.133337
DOB,MANHATTAN,Plumbing,34,1,12,2017-05-29T22:42:20.133337
DOB,MANHATTAN,Plumbing,35,4,12,2017-05-29T22:42:20.133337
DOB,MANHATTAN,Plumbing,38,2,12,2017-05-29T22:42:20.133337
DOB,MANHATTAN,Plumbing,46,3,12,2017-05-29T22:42:20.133337
DOB,MANHATTAN,Plumbing,53,1,12,2017-05-29T22:42:20.133337
DOB,MANHATTAN,Plumbing,54,1,12,2017-05-29T22:42:20.133337
DOB,MANHATTAN,Plumbing,60,1,12,2017-05-29T22:42:20.133337
DOB,MANHATTAN,Scaffold Safety,0,8,12,2017-05-29T22:42:20.133337
DOB,MANHATTAN,Scaffold Safety,1,10,12,2017-05-29T22:42:20.133337
DOB,MANHATTAN,Scaffold Safety,2,1,12,2017-05-29T22:42:20.133337
DOB,MANHATTAN,Scaffold Safety,3,3,12,2017-05-29T22:42:20.133337
DOB,MANHATTAN,Scaffold Safety,4,1,12,2017-05-29T22:42:20.133337
DOB,MANHATTAN,Scaffold Safety,7,1,12,2017-05-29T22:42:20.133337
DOB,MANHATTAN,Scaffold Safety,8,1,12,2017-05-29T22:42:20.133337
DOB,MANHATTAN,Scaffold Safety,9,1,12,2017-05-29T22:42:20.133337
DOB,MANHATTAN,Scaffold Safety,19,1,12,2017-05-29T22:42:20.133337
DOB,MANHATTAN,Scaffold Safety,22,1,12,2017-05-29T22:42:20.133337
DOB,MANHATTAN,Scaffold Safety,26,1,12,2017-05-29T22:42:20.133337
DOB,MANHATTAN,Scaffold Safety,77,1,12,2017-05-29T22:42:20.133337
DOB,MANHATTAN,Special Enforcement,2,8,12,2017-05-29T22:42:20.133337
DOB,MANHATTAN,Special Enforcement,3,5,12,2017-05-29T22:42:20.133337
DOB,MANHATTAN,Special Enforcement,4,8,12,2017-05-29T22:42:20.133337
DOB,MANHATTAN,Special Enforcement,5,5,12,2017-05-29T22:42:20.133337
DOB,MANHATTAN,Special Enforcement,6,17,12,2017-05-29T22:42:20.133337
DOB,MANHATTAN,Special Enforcement,7,13,12,2017-05-29T22:42:20.133337
DOB,MANHATTAN,Special Enforcement,8,16,12,2017-05-29T22:42:20.133337
DOB,MANHATTAN,Special Enforcement,9,33,12,2017-05-29T22:42:20.133337
DOB,MANHATTAN,Special Enforcement,10,11,12,2017-05-29T22:42:20.133337
DOB,MANHATTAN,Special Enforcement,11,18,12,2017-05-29T22:42:20.133337
DOB,MANHATTAN,Special Enforcement,12,2,12,2017-05-29T22:42:20.133337
DOB,MANHATTAN,Special Enforcement,13,4,12,2017-05-29T22:42:20.133337
DOB,MANHATTAN,Special Enforcement,14,5,12,2017-05-29T22:42:20.133337
DOB,MANHATTAN,Special Enforcement,15,8,12,2017-05-29T22:42:20.133337
DOB,MANHATTAN,Special Enforcement,17,2,12,2017-05-29T22:42:20.133337
DOB,MANHATTAN,Special Enforcement,18,2,12,2017-05-29T22:42:20.133337
DOB,MANHATTAN,Special Enforcement,19,3,12,2017-05-29T22:42:20.133337
DOB,MANHATTAN,Special Enforcement,22,4,12,2017-05-29T22:42:20.133337
DOB,MANHATTAN,Special Enforcement,24,1,12,2017-05-29T22:42:20.133337
DOB,MANHATTAN,Special Enforcement,27,1,12,2017-05-29T22:42:20.133337
DOB,MANHATTAN,Special Enforcement,28,1,12,2017-05-29T22:42:20.133337
DOB,MANHATTAN,Special Enforcement,31,1,12,2017-05-29T22:42:20.133337
DOB,MANHATTAN,Special Enforcement,39,1,12,2017-05-29T22:42:20.133337
DOB,MANHATTAN,Special Enforcement,53,1,12,2017-05-29T22:42:20.133337
DOB,MANHATTAN,Special Enforcement,56,1,12,2017-05-29T22:42:20.133337
DOB,MANHATTAN,Special Enforcement,57,1,12,2017-05-29T22:42:20.133337
DOB,MANHATTAN,Special Projects Inspection Team (SPIT),0,24,12,2017-05-29T22:42:20.133337
DOB,MANHATTAN,Special Projects Inspection Team (SPIT),1,8,12,2017-05-29T22:42:20.133337
DOB,MANHATTAN,Special Projects Inspection Team (SPIT),2,5,12,2017-05-29T22:42:20.133337
DOB,MANHATTAN,Special Projects Inspection Team (SPIT),3,4,12,2017-05-29T22:42:20.133337
DOB,MANHATTAN,Special Projects Inspection Team (SPIT),4,4,12,2017-05-29T22:42:20.133337
DOB,MANHATTAN,Special Projects Inspection Team (SPIT),5,1,12,2017-05-29T22:42:20.133337
DOB,MANHATTAN,Special Projects Inspection Team (SPIT),6,2,12,2017-05-29T22:42:20.133337
DOB,MANHATTAN,Special Projects Inspection Team (SPIT),7,7,12,2017-05-29T22:42:20.133337
DOB,MANHATTAN,Special Projects Inspection Team (SPIT),9,3,12,2017-05-29T22:42:20.133337
DOB,MANHATTAN,Special Projects Inspection Team (SPIT),10,1,12,2017-05-29T22:42:20.133337
DOB,MANHATTAN,Special Projects Inspection Team (SPIT),11,7,12,2017-05-29T22:42:20.133337
DOB,MANHATTAN,Special Projects Inspection Team (SPIT),12,1,12,2017-05-29T22:42:20.133337
DOB,MANHATTAN,Special Projects Inspection Team (SPIT),13,1,12,2017-05-29T22:42:20.133337
DOB,MANHATTAN,Special Projects Inspection Team (SPIT),14,2,12,2017-05-29T22:42:20.133337
DOB,MANHATTAN,Special Projects Inspection Team (SPIT),15,3,12,2017-05-29T22:42:20.133337
DOB,MANHATTAN,Special Projects Inspection Team (SPIT),16,1,12,2017-05-29T22:42:20.133337
DOB,MANHATTAN,Special Projects Inspection Team (SPIT),17,2,12,2017-05-29T22:42:20.133337
DOB,MANHATTAN,Special Projects Inspection Team (SPIT),18,6,12,2017-05-29T22:42:20.133337
DOB,MANHATTAN,Special Projects Inspection Team (SPIT),19,2,12,2017-05-29T22:42:20.133337
DOB,MANHATTAN,Special Projects Inspection Team (SPIT),20,3,12,2017-05-29T22:42:20.133337
DOB,MANHATTAN,Special Projects Inspection Team (SPIT),21,4,12,2017-05-29T22:42:20.133337
DOB,MANHATTAN,Special Projects Inspection Team (SPIT),22,2,12,2017-05-29T22:42:20.133337
DOB,MANHATTAN,Special Projects Inspection Team (SPIT),23,4,12,2017-05-29T22:42:20.133337
DOB,MANHATTAN,Special Projects Inspection Team (SPIT),24,1,12,2017-05-29T22:42:20.133337
DOB,MANHATTAN,Special Projects Inspection Team (SPIT),25,3,12,2017-05-29T22:42:20.133337
DOB,MANHATTAN,Special Projects Inspection Team (SPIT),27,2,12,2017-05-29T22:42:20.133337
DOB,MANHATTAN,Special Projects Inspection Team (SPIT),29,3,12,2017-05-29T22:42:20.133337
DOB,MANHATTAN,Special Projects Inspection Team (SPIT),30,1,12,2017-05-29T22:42:20.133337
DOB,MANHATTAN,Special Projects Inspection Team (SPIT),31,5,12,2017-05-29T22:42:20.133337
DOB,MANHATTAN,Special Projects Inspection Team (SPIT),33,2,12,2017-05-29T22:42:20.133337
DOB,MANHATTAN,Special Projects Inspection Team (SPIT),34,1,12,2017-05-29T22:42:20.133337
DOB,MANHATTAN,Special Projects Inspection Team (SPIT),35,4,12,2017-05-29T22:42:20.133337
DOB,MANHATTAN,Special Projects Inspection Team (SPIT),36,5,12,2017-05-29T22:42:20.133337
DOB,MANHATTAN,Special Projects Inspection Team (SPIT),37,6,12,2017-05-29T22:42:20.133337
DOB,MANHATTAN,Special Projects Inspection Team (SPIT),38,1,12,2017-05-29T22:42:20.133337
DOB,MANHATTAN,Special Projects Inspection Team (SPIT),39,4,12,2017-05-29T22:42:20.133337
DOB,MANHATTAN,Special Projects Inspection Team (SPIT),40,2,12,2017-05-29T22:42:20.133337
DOB,MANHATTAN,Special Projects Inspection Team (SPIT),41,4,12,2017-05-29T22:42:20.133337
DOB,MANHATTAN,Special Projects Inspection Team (SPIT),42,4,12,2017-05-29T22:42:20.133337
DOB,MANHATTAN,Special Projects Inspection Team (SPIT),43,5,12,2017-05-29T22:42:20.133337
DOB,MANHATTAN,Special Projects Inspection Team (SPIT),44,2,12,2017-05-29T22:42:20.133337
DOB,MANHATTAN,Special Projects Inspection Team (SPIT),45,3,12,2017-05-29T22:42:20.133337
DOB,MANHATTAN,Special Projects Inspection Team (SPIT),47,5,12,2017-05-29T22:42:20.133337
DOB,MANHATTAN,Special Projects Inspection Team (SPIT),48,1,12,2017-05-29T22:42:20.133337
DOB,MANHATTAN,Special Projects Inspection Team (SPIT),49,2,12,2017-05-29T22:42:20.133337
DOB,MANHATTAN,Special Projects Inspection Team (SPIT),51,2,12,2017-05-29T22:42:20.133337
DOB,MANHATTAN,Special Projects Inspection Team (SPIT),52,3,12,2017-05-29T22:42:20.133337
DOB,MANHATTAN,Special Projects Inspection Team (SPIT),53,3,12,2017-05-29T22:42:20.133337
DOB,MANHATTAN,Special Projects Inspection Team (SPIT),56,2,12,2017-05-29T22:42:20.133337
DOB,MANHATTAN,Special Projects Inspection Team (SPIT),57,1,12,2017-05-29T22:42:20.133337
DOB,MANHATTAN,Special Projects Inspection Team (SPIT),58,6,12,2017-05-29T22:42:20.133337
DOB,MANHATTAN,Special Projects Inspection Team (SPIT),60,1,12,2017-05-29T22:42:20.133337
DOB,MANHATTAN,Special Projects Inspection Team (SPIT),61,2,12,2017-05-29T22:42:20.133337
DOB,MANHATTAN,Special Projects Inspection Team (SPIT),63,3,12,2017-05-29T22:42:20.133337
DOB,MANHATTAN,Special Projects Inspection Team (SPIT),69,1,12,2017-05-29T22:42:20.133337
DOB,MANHATTAN,Special Projects Inspection Team (SPIT),75,1,12,2017-05-29T22:42:20.133337
DOB,QUEENS,BEST/Site Safety,0,3,12,2017-05-29T22:43:39.159857
DOB,QUEENS,BEST/Site Safety,1,4,12,2017-05-29T22:43:39.159857
DOB,QUEENS,BEST/Site Safety,2,1,12,2017-05-29T22:43:39.159857
DOB,QUEENS,BEST/Site Safety,4,1,12,2017-05-29T22:43:39.159857
DOB,QUEENS,BEST/Site Safety,6,1,12,2017-05-29T22:43:39.159857
DOB,QUEENS,BEST/Site Safety,7,2,12,2017-05-29T22:43:39.159857
DOB,QUEENS,BEST/Site Safety,14,2,12,2017-05-29T22:43:39.159857
DOB,QUEENS,Boilers,0,1,12,2017-05-29T22:43:39.159857
DOB,QUEENS,Boilers,1,1,12,2017-05-29T22:43:39.159857
DOB,QUEENS,Boilers,2,1,12,2017-05-29T22:43:39.159857
DOB,QUEENS,Boilers,3,6,12,2017-05-29T22:43:39.159857
DOB,QUEENS,Boilers,4,3,12,2017-05-29T22:43:39.159857
DOB,QUEENS,Boilers,5,1,12,2017-05-29T22:43:39.159857
DOB,QUEENS,Boilers,6,1,12,2017-05-29T22:43:39.159857
DOB,QUEENS,Boilers,7,8,12,2017-05-29T22:43:39.159857
DOB,QUEENS,Boilers,8,1,12,2017-05-29T22:43:39.159857
DOB,QUEENS,Boilers,9,1,12,2017-05-29T22:43:39.159857
DOB,QUEENS,Boilers,10,2,12,2017-05-29T22:43:39.159857
DOB,QUEENS,Boilers,11,2,12,2017-05-29T22:43:39.159857
DOB,QUEENS,Boilers,12,4,12,2017-05-29T22:43:39.159857
DOB,QUEENS,Boilers,13,2,12,2017-05-29T22:43:39.159857
DOB,QUEENS,Boilers,14,1,12,2017-05-29T22:43:39.159857
DOB,QUEENS,Boilers,16,1,12,2017-05-29T22:43:39.159857
DOB,QUEENS,Boilers,20,1,12,2017-05-29T22:43:39.159857
DOB,QUEENS,Boilers,53,1,12,2017-05-29T22:43:39.159857
DOB,QUEENS,Building/Use,0,30,12,2017-05-29T22:43:39.159857
DOB,QUEENS,Building/Use,1,64,12,2017-05-29T22:43:39.159857
DOB,QUEENS,Building/Use,2,38,12,2017-05-29T22:43:39.159857
DOB,QUEENS,Building/Use,3,47,12,2017-05-29T22:43:39.159857
DOB,QUEENS,Building/Use,4,42,12,2017-05-29T22:43:39.159857
DOB,QUEENS,Building/Use,5,41,12,2017-05-29T22:43:39.159857
DOB,QUEENS,Building/Use,6,49,12,2017-05-29T22:43:39.159857
DOB,QUEENS,Building/Use,7,57,12,2017-05-29T22:43:39.159857
DOB,QUEENS,Building/Use,8,26,12,2017-05-29T22:43:39.159857
DOB,QUEENS,Building/Use,9,27,12,2017-05-29T22:43:39.159857
DOB,QUEENS,Building/Use,10,30,12,2017-05-29T22:43:39.159857
DOB,QUEENS,Building/Use,11,20,12,2017-05-29T22:43:39.159857
DOB,QUEENS,Building/Use,12,20,12,2017-05-29T22:43:39.159857
DOB,QUEENS,Building/Use,13,31,12,2017-05-29T22:43:39.159857
DOB,QUEENS,Building/Use,14,26,12,2017-05-29T22:43:39.159857
DOB,QUEENS,Building/Use,15,24,12,2017-05-29T22:43:39.159857
DOB,QUEENS,Building/Use,16,19,12,2017-05-29T22:43:39.159857
DOB,QUEENS,Building/Use,17,17,12,2017-05-29T22:43:39.159857
DOB,QUEENS,Building/Use,18,18,12,2017-05-29T22:43:39.159857
DOB,QUEENS,Building/Use,19,17,12,2017-05-29T22:43:39.159857
DOB,QUEENS,Building/Use,20,17,12,2017-05-29T22:43:39.159857
DOB,QUEENS,Building/Use,21,19,12,2017-05-29T22:43:39.159857
DOB,QUEENS,Building/Use,22,12,12,2017-05-29T22:43:39.159857
DOB,QUEENS,Building/Use,23,18,12,2017-05-29T22:43:39.159857
DOB,QUEENS,Building/Use,24,14,12,2017-05-29T22:43:39.159857
DOB,QUEENS,Building/Use,25,21,12,2017-05-29T22:43:39.159857
DOB,QUEENS,Building/Use,26,16,12,2017-05-29T22:43:39.159857
DOB,QUEENS,Building/Use,27,16,12,2017-05-29T22:43:39.159857
DOB,QUEENS,Building/Use,28,14,12,2017-05-29T22:43:39.159857
DOB,QUEENS,Building/Use,29,21,12,2017-05-29T22:43:39.159857
DOB,QUEENS,Building/Use,30,11,12,2017-05-29T22:43:39.159857
DOB,QUEENS,Building/Use,31,11,12,2017-05-29T22:43:39.159857
DOB,QUEENS,Building/Use,32,15,12,2017-05-29T22:43:39.159857
DOB,QUEENS,Building/Use,33,6,12,2017-05-29T22:43:39.159857
DOB,QUEENS,Building/Use,34,17,12,2017-05-29T22:43:39.159857
DOB,QUEENS,Building/Use,35,10,12,2017-05-29T22:43:39.159857
DOB,QUEENS,Building/Use,36,11,12,2017-05-29T22:43:39.159857
DOB,QUEENS,Building/Use,37,9,12,2017-05-29T22:43:39.159857
DOB,QUEENS,Building/Use,38,5,12,2017-05-29T22:43:39.159857
DOB,QUEENS,Building/Use,39,9,12,2017-05-29T22:43:39.159857
DOB,QUEENS,Building/Use,40,13,12,2017-05-29T22:43:39.159857
DOB,QUEENS,Building/Use,41,5,12,2017-05-29T22:43:39.159857
DOB,QUEENS,Building/Use,42,12,12,2017-05-29T22:43:39.159857
DOB,QUEENS,Building/Use,43,5,12,2017-05-29T22:43:39.159857
DOB,QUEENS,Building/Use,44,8,12,2017-05-29T22:43:39.159857
DOB,QUEENS,Building/Use,45,9,12,2017-05-29T22:43:39.159857
DOB,QUEENS,Building/Use,46,4,12,2017-05-29T22:43:39.159857
DOB,QUEENS,Building/Use,47,3,12,2017-05-29T22:43:39.159857
DOB,QUEENS,Building/Use,48,4,12,2017-05-29T22:43:39.159857
DOB,QUEENS,Building/Use,49,8,12,2017-05-29T22:43:39.159857
DOB,QUEENS,Building/Use,50,3,12,2017-05-29T22:43:39.159857
DOB,QUEENS,Building/Use,51,6,12,2017-05-29T22:43:39.159857
DOB,QUEENS,Building/Use,52,6,12,2017-05-29T22:43:39.159857
DOB,QUEENS,Building/Use,53,9,12,2017-05-29T22:43:39.159857
DOB,QUEENS,Building/Use,54,4,12,2017-05-29T22:43:39.159857
DOB,QUEENS,Building/Use,55,1,12,2017-05-29T22:43:39.159857
DOB,QUEENS,Building/Use,56,1,12,2017-05-29T22:43:39.159857
DOB,QUEENS,Building/Use,57,8,12,2017-05-29T22:43:39.159857
DOB,QUEENS,Building/Use,58,1,12,2017-05-29T22:43:39.159857
DOB,QUEENS,Building/Use,59,2,12,2017-05-29T22:43:39.159857
DOB,QUEENS,Building/Use,61,3,12,2017-05-29T22:43:39.159857
DOB,QUEENS,Building/Use,62,3,12,2017-05-29T22:43:39.159857
DOB,QUEENS,Building/Use,63,5,12,2017-05-29T22:43:39.159857
DOB,QUEENS,Building/Use,64,5,12,2017-05-29T22:43:39.159857
DOB,QUEENS,Building/Use,65,11,12,2017-05-29T22:43:39.159857
DOB,QUEENS,Building/Use,66,15,12,2017-05-29T22:43:39.159857
DOB,QUEENS,Building/Use,67,12,12,2017-05-29T22:43:39.159857
DOB,QUEENS,Building/Use,68,9,12,2017-05-29T22:43:39.159857
DOB,QUEENS,Building/Use,69,10,12,2017-05-29T22:43:39.159857
DOB,QUEENS,Building/Use,70,6,12,2017-05-29T22:43:39.159857
DOB,QUEENS,Building/Use,71,3,12,2017-05-29T22:43:39.159857
DOB,QUEENS,Building/Use,72,6,12,2017-05-29T22:43:39.159857
DOB,QUEENS,Building/Use,73,2,12,2017-05-29T22:43:39.159857
DOB,QUEENS,Building/Use,74,4,12,2017-05-29T22:43:39.159857
DOB,QUEENS,Building/Use,75,2,12,2017-05-29T22:43:39.159857
DOB,QUEENS,Building/Use,77,1,12,2017-05-29T22:43:39.159857
DOB,QUEENS,Building/Use,78,1,12,2017-05-29T22:43:39.159857
DOB,QUEENS,Building/Use,79,1,12,2017-05-29T22:43:39.159857
DOB,QUEENS,Cranes and Derricks,0,1,12,2017-05-29T22:43:39.159857
DOB,QUEENS,Cranes and Derricks,1,4,12,2017-05-29T22:43:39.159857
DOB,QUEENS,Cranes and Derricks,3,1,12,2017-05-29T22:43:39.159857
DOB,QUEENS,Cranes and Derricks,4,1,12,2017-05-29T22:43:39.159857
DOB,QUEENS,Cranes and Derricks,8,1,12,2017-05-29T22:43:39.159857
DOB,QUEENS,Cranes and Derricks,9,1,12,2017-05-29T22:43:39.159857
DOB,QUEENS,Cranes and Derricks,11,1,12,2017-05-29T22:43:39.159857
DOB,QUEENS,Electrical,0,19,12,2017-05-29T22:43:39.159857
DOB,QUEENS,Electrical,1,29,12,2017-05-29T22:43:39.159857
DOB,QUEENS,Electrical,2,27,12,2017-05-29T22:43:39.159857
DOB,QUEENS,Electrical,3,13,12,2017-05-29T22:43:39.159857
DOB,QUEENS,Electrical,4,10,12,2017-05-29T22:43:39.159857
DOB,QUEENS,Electrical,5,10,12,2017-05-29T22:43:39.159857
DOB,QUEENS,Electrical,6,10,12,2017-05-29T22:43:39.159857
DOB,QUEENS,Electrical,7,7,12,2017-05-29T22:43:39.159857
DOB,QUEENS,Electrical,8,7,12,2017-05-29T22:43:39.159857
DOB,QUEENS,Electrical,9,5,12,2017-05-29T22:43:39.159857
DOB,QUEENS,Electrical,10,5,12,2017-05-29T22:43:39.159857
DOB,QUEENS,Electrical,11,3,12,2017-05-29T22:43:39.159857
DOB,QUEENS,Electrical,12,5,12,2017-05-29T22:43:39.159857
DOB,QUEENS,Electrical,13,4,12,2017-05-29T22:43:39.159857
DOB,QUEENS,Electrical,14,7,12,2017-05-29T22:43:39.159857
DOB,QUEENS,Electrical,15,2,12,2017-05-29T22:43:39.159857
DOB,QUEENS,Electrical,17,1,12,2017-05-29T22:43:39.159857
DOB,QUEENS,Electrical,18,1,12,2017-05-29T22:43:39.159857
DOB,QUEENS,Electrical,19,2,12,2017-05-29T22:43:39.159857
DOB,QUEENS,Electrical,21,3,12,2017-05-29T22:43:39.159857
DOB,QUEENS,Electrical,22,1,12,2017-05-29T22:43:39.159857
DOB,QUEENS,Electrical,23,2,12,2017-05-29T22:43:39.159857
DOB,QUEENS,Electrical,28,2,12,2017-05-29T22:43:39.159857
DOB,QUEENS,Electrical,29,1,12,2017-05-29T22:43:39.159857
DOB,QUEENS,Elevator,0,46,12,2017-05-29T22:43:39.159857
DOB,QUEENS,Elevator,1,55,12,2017-05-29T22:43:39.159857
DOB,QUEENS,Elevator,2,42,12,2017-05-29T22:43:39.159857
DOB,QUEENS,Elevator,3,38,12,2017-05-29T22:43:39.159857
DOB,QUEENS,Elevator,4,31,12,2017-05-29T22:43:39.159857
DOB,QUEENS,Elevator,5,35,12,2017-05-29T22:43:39.159857
DOB,QUEENS,Elevator,6,23,12,2017-05-29T22:43:39.159857
DOB,QUEENS,Elevator,7,18,12,2017-05-29T22:43:39.159857
DOB,QUEENS,Elevator,8,16,12,2017-05-29T22:43:39.159857
DOB,QUEENS,Elevator,9,8,12,2017-05-29T22:43:39.159857
DOB,QUEENS,Elevator,10,7,12,2017-05-29T22:43:39.159857
DOB,QUEENS,Elevator,11,6,12,2017-05-29T22:43:39.159857
DOB,QUEENS,Elevator,12,6,12,2017-05-29T22:43:39.159857
DOB,QUEENS,Elevator,13,1,12,2017-05-29T22:43:39.159857
DOB,QUEENS,Elevator,14,5,12,2017-05-29T22:43:39.159857
DOB,QUEENS,Elevator,15,6,12,2017-05-29T22:43:39.159857
DOB,QUEENS,Elevator,16,10,12,2017-05-29T22:43:39.159857
DOB,QUEENS,Elevator,17,11,12,2017-05-29T22:43:39.159857
DOB,QUEENS,Elevator,18,11,12,2017-05-29T22:43:39.159857
DOB,QUEENS,Elevator,19,6,12,2017-05-29T22:43:39.159857
DOB,QUEENS,Elevator,20,4,12,2017-05-29T22:43:39.159857
DOB,QUEENS,Elevator,21,5,12,2017-05-29T22:43:39.159857
DOB,QUEENS,Elevator,22,7,12,2017-05-29T22:43:39.159857
DOB,QUEENS,Elevator,23,3,12,2017-05-29T22:43:39.159857
DOB,QUEENS,Elevator,24,5,12,2017-05-29T22:43:39.159857
DOB,QUEENS,Elevator,25,6,12,2017-05-29T22:43:39.159857
DOB,QUEENS,Elevator,26,4,12,2017-05-29T22:43:39.159857
DOB,QUEENS,Elevator,27,6,12,2017-05-29T22:43:39.159857
DOB,QUEENS,Elevator,28,8,12,2017-05-29T22:43:39.159857
DOB,QUEENS,Elevator,29,9,12,2017-05-29T22:43:39.159857
DOB,QUEENS,Elevator,30,4,12,2017-05-29T22:43:39.159857
DOB,QUEENS,Elevator,31,5,12,2017-05-29T22:43:39.159857
DOB,QUEENS,Elevator,32,4,12,2017-05-29T22:43:39.159857
DOB,QUEENS,Elevator,33,1,12,2017-05-29T22:43:39.159857
DOB,QUEENS,Elevator,34,7,12,2017-05-29T22:43:39.159857
DOB,QUEENS,Elevator,35,7,12,2017-05-29T22:43:39.159857
DOB,QUEENS,Elevator,36,4,12,2017-05-29T22:43:39.159857
DOB,QUEENS,Elevator,37,1,12,2017-05-29T22:43:39.159857
DOB,QUEENS,Elevator,38,2,12,2017-05-29T22:43:39.159857
DOB,QUEENS,Elevator,39,4,12,2017-05-29T22:43:39.159857
DOB,QUEENS,Elevator,40,2,12,2017-05-29T22:43:39.159857
DOB,QUEENS,Elevator,41,1,12,2017-05-29T22:43:39.159857
DOB,QUEENS,Elevator,42,6,12,2017-05-29T22:43:39.159857
DOB,QUEENS,Elevator,47,1,12,2017-05-29T22:43:39.159857
DOB,QUEENS,Emergency Response Team (ERT),0,1,12,2017-05-29T22:43:39.159857
DOB,QUEENS,Emergency Response Team (ERT),1,2,12,2017-05-29T22:43:39.159857
DOB,QUEENS,Emergency Response Team (ERT),3,1,12,2017-05-29T22:43:39.159857
DOB,QUEENS,Emergency Response Team (ERT),4,1,12,2017-05-29T22:43:39.159857
DOB,QUEENS,Emergency Response Team (ERT),5,1,12,2017-05-29T22:43:39.159857
DOB,QUEENS,General Construction/Plumbing,0,221,12,2017-05-29T22:43:39.159857
DOB,QUEENS,General Construction/Plumbing,1,231,12,2017-05-29T22:43:39.159857
DOB,QUEENS,General Construction/Plumbing,2,160,12,2017-05-29T22:43:39.159857
DOB,QUEENS,General Construction/Plumbing,3,96,12,2017-05-29T22:43:39.159857
DOB,QUEENS,General Construction/Plumbing,4,74,12,2017-05-29T22:43:39.159857
DOB,QUEENS,General Construction/Plumbing,5,42,12,2017-05-29T22:43:39.159857
DOB,QUEENS,General Construction/Plumbing,6,32,12,2017-05-29T22:43:39.159857
DOB,QUEENS,General Construction/Plumbing,7,26,12,2017-05-29T22:43:39.159857
DOB,QUEENS,General Construction/Plumbing,8,17,12,2017-05-29T22:43:39.159857
DOB,QUEENS,General Construction/Plumbing,9,18,12,2017-05-29T22:43:39.159857
DOB,QUEENS,General Construction/Plumbing,10,13,12,2017-05-29T22:43:39.159857
DOB,QUEENS,General Construction/Plumbing,11,12,12,2017-05-29T22:43:39.159857
DOB,QUEENS,General Construction/Plumbing,12,12,12,2017-05-29T22:43:39.159857
DOB,QUEENS,General Construction/Plumbing,13,8,12,2017-05-29T22:43:39.159857
DOB,QUEENS,General Construction/Plumbing,14,15,12,2017-05-29T22:43:39.159857
DOB,QUEENS,General Construction/Plumbing,15,9,12,2017-05-29T22:43:39.159857
DOB,QUEENS,General Construction/Plumbing,16,7,12,2017-05-29T22:43:39.159857
DOB,QUEENS,General Construction/Plumbing,17,9,12,2017-05-29T22:43:39.159857
DOB,QUEENS,General Construction/Plumbing,18,10,12,2017-05-29T22:43:39.159857
DOB,QUEENS,General Construction/Plumbing,19,7,12,2017-05-29T22:43:39.159857
DOB,QUEENS,General Construction/Plumbing,20,8,12,2017-05-29T22:43:39.159857
DOB,QUEENS,General Construction/Plumbing,21,8,12,2017-05-29T22:43:39.159857
DOB,QUEENS,General Construction/Plumbing,22,5,12,2017-05-29T22:43:39.159857
DOB,QUEENS,General Construction/Plumbing,23,2,12,2017-05-29T22:43:39.159857
DOB,QUEENS,General Construction/Plumbing,24,3,12,2017-05-29T22:43:39.159857
DOB,QUEENS,General Construction/Plumbing,25,4,12,2017-05-29T22:43:39.159857
DOB,QUEENS,General Construction/Plumbing,26,3,12,2017-05-29T22:43:39.159857
DOB,QUEENS,General Construction/Plumbing,27,3,12,2017-05-29T22:43:39.159857
DOB,QUEENS,General Construction/Plumbing,28,3,12,2017-05-29T22:43:39.159857
DOB,QUEENS,General Construction/Plumbing,29,7,12,2017-05-29T22:43:39.159857
DOB,QUEENS,General Construction/Plumbing,31,4,12,2017-05-29T22:43:39.159857
DOB,QUEENS,General Construction/Plumbing,32,3,12,2017-05-29T22:43:39.159857
DOB,QUEENS,General Construction/Plumbing,33,2,12,2017-05-29T22:43:39.159857
DOB,QUEENS,General Construction/Plumbing,34,4,12,2017-05-29T22:43:39.159857
DOB,QUEENS,General Construction/Plumbing,35,3,12,2017-05-29T22:43:39.159857
DOB,QUEENS,General Construction/Plumbing,36,1,12,2017-05-29T22:43:39.159857
DOB,QUEENS,General Construction/Plumbing,37,2,12,2017-05-29T22:43:39.159857
DOB,QUEENS,General Construction/Plumbing,38,3,12,2017-05-29T22:43:39.159857
DOB,QUEENS,General Construction/Plumbing,39,2,12,2017-05-29T22:43:39.159857
DOB,QUEENS,General Construction/Plumbing,40,1,12,2017-05-29T22:43:39.159857
DOB,QUEENS,General Construction/Plumbing,41,2,12,2017-05-29T22:43:39.159857
DOB,QUEENS,General Construction/Plumbing,42,3,12,2017-05-29T22:43:39.159857
DOB,QUEENS,General Construction/Plumbing,43,2,12,2017-05-29T22:43:39.159857
DOB,QUEENS,General Construction/Plumbing,44,2,12,2017-05-29T22:43:39.159857
DOB,QUEENS,General Construction/Plumbing,45,1,12,2017-05-29T22:43:39.159857
DOB,QUEENS,General Construction/Plumbing,46,2,12,2017-05-29T22:43:39.159857
DOB,QUEENS,General Construction/Plumbing,47,1,12,2017-05-29T22:43:39.159857
DOB,QUEENS,General Construction/Plumbing,48,1,12,2017-05-29T22:43:39.159857
DOB,QUEENS,General Construction/Plumbing,49,1,12,2017-05-29T22:43:39.159857
DOB,QUEENS,General Construction/Plumbing,50,2,12,2017-05-29T22:43:39.159857
DOB,QUEENS,General Construction/Plumbing,51,2,12,2017-05-29T22:43:39.159857
DOB,QUEENS,General Construction/Plumbing,52,1,12,2017-05-29T22:43:39.159857
DOB,QUEENS,General Construction/Plumbing,56,1,12,2017-05-29T22:43:39.159857
DOB,QUEENS,General Construction/Plumbing,62,1,12,2017-05-29T22:43:39.159857
DOB,QUEENS,General Construction/Plumbing,64,1,12,2017-05-29T22:43:39.159857
DOB,QUEENS,General Construction/Plumbing,65,3,12,2017-05-29T22:43:39.159857
DOB,QUEENS,General Construction/Plumbing,66,2,12,2017-05-29T22:43:39.159857
DOB,QUEENS,General Construction/Plumbing,67,2,12,2017-05-29T22:43:39.159857
DOB,QUEENS,General Construction/Plumbing,68,1,12,2017-05-29T22:43:39.159857
DOB,QUEENS,General Construction/Plumbing,69,4,12,2017-05-29T22:43:39.159857
DOB,QUEENS,General Construction/Plumbing,70,1,12,2017-05-29T22:43:39.159857
DOB,QUEENS,General Construction/Plumbing,72,1,12,2017-05-29T22:43:39.159857
DOB,QUEENS,General Construction/Plumbing,73,2,12,2017-05-29T22:43:39.159857
DOB,QUEENS,General Construction/Plumbing,75,1,12,2017-05-29T22:43:39.159857
DOB,QUEENS,General Construction/Plumbing,78,1,12,2017-05-29T22:43:39.159857
DOB,QUEENS,Investigations and Discipline (IAD),1,1,12,2017-05-29T22:43:39.159857
DOB,QUEENS,Investigations and Discipline (IAD),2,1,12,2017-05-29T22:43:39.159857
DOB,QUEENS,Investigations and Discipline (IAD),3,1,12,2017-05-29T22:43:39.159857
DOB,QUEENS,Investigations and Discipline (IAD),4,3,12,2017-05-29T22:43:39.159857
DOB,QUEENS,Investigations and Discipline (IAD),5,1,12,2017-05-29T22:43:39.159857
DOB,QUEENS,Investigations and Discipline (IAD),6,3,12,2017-05-29T22:43:39.159857
DOB,QUEENS,Investigations and Discipline (IAD),7,2,12,2017-05-29T22:43:39.159857
DOB,QUEENS,Investigations and Discipline (IAD),8,2,12,2017-05-29T22:43:39.159857
DOB,QUEENS,Miscellaneous Categories,2,1,12,2017-05-29T22:43:39.159857
DOB,QUEENS,Miscellaneous Categories,9,1,12,2017-05-29T22:43:39.159857
DOB,QUEENS,Plumbing,0,15,12,2017-05-29T22:43:39.159857
DOB,QUEENS,Plumbing,1,31,12,2017-05-29T22:43:39.159857
DOB,QUEENS,Plumbing,2,46,12,2017-05-29T22:43:39.159857
DOB,QUEENS,Plumbing,3,24,12,2017-05-29T22:43:39.159857
DOB,QUEENS,Plumbing,4,11,12,2017-05-29T22:43:39.159857
DOB,QUEENS,Plumbing,5,11,12,2017-05-29T22:43:39.159857
DOB,QUEENS,Plumbing,6,9,12,2017-05-29T22:43:39.159857
DOB,QUEENS,Plumbing,7,17,12,2017-05-29T22:43:39.159857
DOB,QUEENS,Plumbing,8,12,12,2017-05-29T22:43:39.159857
DOB,QUEENS,Plumbing,9,24,12,2017-05-29T22:43:39.159857
DOB,QUEENS,Plumbing,10,21,12,2017-05-29T22:43:39.159857
DOB,QUEENS,Plumbing,11,19,12,2017-05-29T22:43:39.159857
DOB,QUEENS,Plumbing,12,12,12,2017-05-29T22:43:39.159857
DOB,QUEENS,Plumbing,13,9,12,2017-05-29T22:43:39.159857
DOB,QUEENS,Plumbing,14,20,12,2017-05-29T22:43:39.159857
DOB,QUEENS,Plumbing,15,18,12,2017-05-29T22:43:39.159857
DOB,QUEENS,Plumbing,16,12,12,2017-05-29T22:43:39.159857
DOB,QUEENS,Plumbing,17,23,12,2017-05-29T22:43:39.159857
DOB,QUEENS,Plumbing,18,7,12,2017-05-29T22:43:39.159857
DOB,QUEENS,Plumbing,19,10,12,2017-05-29T22:43:39.159857
DOB,QUEENS,Plumbing,20,8,12,2017-05-29T22:43:39.159857
DOB,QUEENS,Plumbing,21,5,12,2017-05-29T22:43:39.159857
DOB,QUEENS,Plumbing,22,16,12,2017-05-29T22:43:39.159857
DOB,QUEENS,Plumbing,23,1,12,2017-05-29T22:43:39.159857
DOB,QUEENS,Plumbing,24,11,12,2017-05-29T22:43:39.159857
DOB,QUEENS,Plumbing,25,9,12,2017-05-29T22:43:39.159857
DOB,QUEENS,Plumbing,26,6,12,2017-05-29T22:43:39.159857
DOB,QUEENS,Plumbing,27,3,12,2017-05-29T22:43:39.159857
DOB,QUEENS,Plumbing,28,10,12,2017-05-29T22:43:39.159857
DOB,QUEENS,Plumbing,29,12,12,2017-05-29T22:43:39.159857
DOB,QUEENS,Plumbing,30,1,12,2017-05-29T22:43:39.159857
DOB,QUEENS,Plumbing,31,2,12,2017-05-29T22:43:39.159857
DOB,QUEENS,Plumbing,32,6,12,2017-05-29T22:43:39.159857
DOB,QUEENS,Plumbing,34,3,12,2017-05-29T22:43:39.159857
DOB,QUEENS,Plumbing,35,1,12,2017-05-29T22:43:39.159857
DOB,QUEENS,Plumbing,36,1,12,2017-05-29T22:43:39.159857
DOB,QUEENS,Plumbing,37,1,12,2017-05-29T22:43:39.159857
DOB,QUEENS,Plumbing,38,1,12,2017-05-29T22:43:39.159857
DOB,QUEENS,Plumbing,39,2,12,2017-05-29T22:43:39.159857
DOB,QUEENS,Plumbing,41,1,12,2017-05-29T22:43:39.159857
DOB,QUEENS,Plumbing,42,5,12,2017-05-29T22:43:39.159857
DOB,QUEENS,Plumbing,43,11,12,2017-05-29T22:43:39.159857
DOB,QUEENS,Plumbing,44,1,12,2017-05-29T22:43:39.159857
DOB,QUEENS,Plumbing,45,3,12,2017-05-29T22:43:39.159857
DOB,QUEENS,Plumbing,46,2,12,2017-05-29T22:43:39.159857
DOB,QUEENS,Plumbing,47,1,12,2017-05-29T22:43:39.159857
DOB,QUEENS,Plumbing,49,3,12,2017-05-29T22:43:39.159857
DOB,QUEENS,Plumbing,51,1,12,2017-05-29T22:43:39.159857
DOB,QUEENS,Plumbing,52,6,12,2017-05-29T22:43:39.159857
DOB,QUEENS,Plumbing,53,2,12,2017-05-29T22:43:39.159857
DOB,QUEENS,Plumbing,55,6,12,2017-05-29T22:43:39.159857
DOB,QUEENS,Plumbing,56,7,12,2017-05-29T22:43:39.159857
DOB,QUEENS,Plumbing,57,7,12,2017-05-29T22:43:39.159857
DOB,QUEENS,Plumbing,58,1,12,2017-05-29T22:43:39.159857
DOB,QUEENS,Plumbing,59,2,12,2017-05-29T22:43:39.159857
DOB,QUEENS,Plumbing,62,2,12,2017-05-29T22:43:39.159857
DOB,QUEENS,Plumbing,63,1,12,2017-05-29T22:43:39.159857
DOB,QUEENS,Plumbing,64,1,12,2017-05-29T22:43:39.159857
DOB,QUEENS,Plumbing,67,1,12,2017-05-29T22:43:39.159857
DOB,QUEENS,Plumbing,68,1,12,2017-05-29T22:43:39.159857
DOB,QUEENS,Plumbing,69,1,12,2017-05-29T22:43:39.159857
DOB,QUEENS,Plumbing,70,1,12,2017-05-29T22:43:39.159857
DOB,QUEENS,Scaffold Safety,0,1,12,2017-05-29T22:43:39.159857
DOB,QUEENS,Scaffold Safety,1,2,12,2017-05-29T22:43:39.159857
DOB,QUEENS,Scaffold Safety,7,1,12,2017-05-29T22:43:39.159857
DOB,QUEENS,Special Enforcement,0,2,12,2017-05-29T22:43:39.159857
DOB,QUEENS,Special Enforcement,2,6,12,2017-05-29T22:43:39.159857
DOB,QUEENS,Special Enforcement,3,3,12,2017-05-29T22:43:39.159857
DOB,QUEENS,Special Enforcement,4,9,12,2017-05-29T22:43:39.159857
DOB,QUEENS,Special Enforcement,5,5,12,2017-05-29T22:43:39.159857
DOB,QUEENS,Special Enforcement,6,20,12,2017-05-29T22:43:39.159857
DOB,QUEENS,Special Enforcement,7,24,12,2017-05-29T22:43:39.159857
DOB,QUEENS,Special Enforcement,8,36,12,2017-05-29T22:43:39.159857
DOB,QUEENS,Special Enforcement,9,28,12,2017-05-29T22:43:39.159857
DOB,QUEENS,Special Enforcement,10,24,12,2017-05-29T22:43:39.159857
DOB,QUEENS,Special Enforcement,11,10,12,2017-05-29T22:43:39.159857
DOB,QUEENS,Special Enforcement,12,10,12,2017-05-29T22:43:39.159857
DOB,QUEENS,Special Enforcement,13,10,12,2017-05-29T22:43:39.159857
DOB,QUEENS,Special Enforcement,14,9,12,2017-05-29T22:43:39.159857
DOB,QUEENS,Special Enforcement,15,4,12,2017-05-29T22:43:39.159857
DOB,QUEENS,Special Enforcement,16,4,12,2017-05-29T22:43:39.159857
DOB,QUEENS,Special Enforcement,17,1,12,2017-05-29T22:43:39.159857
DOB,QUEENS,Special Enforcement,18,1,12,2017-05-29T22:43:39.159857
DOB,QUEENS,Special Enforcement,20,3,12,2017-05-29T22:43:39.159857
DOB,QUEENS,Special Enforcement,21,4,12,2017-05-29T22:43:39.159857
DOB,QUEENS,Special Enforcement,22,4,12,2017-05-29T22:43:39.159857
DOB,QUEENS,Special Enforcement,23,4,12,2017-05-29T22:43:39.159857
DOB,QUEENS,Special Enforcement,24,1,12,2017-05-29T22:43:39.159857
DOB,QUEENS,Special Enforcement,25,3,12,2017-05-29T22:43:39.159857
DOB,QUEENS,Special Enforcement,27,1,12,2017-05-29T22:43:39.159857
DOB,QUEENS,Special Enforcement,28,2,12,2017-05-29T22:43:39.159857
DOB,QUEENS,Special Enforcement,29,3,12,2017-05-29T22:43:39.159857
DOB,QUEENS,Special Enforcement,31,1,12,2017-05-29T22:43:39.159857
DOB,QUEENS,Special Enforcement,32,3,12,2017-05-29T22:43:39.159857
DOB,QUEENS,Special Enforcement,34,1,12,2017-05-29T22:43:39.159857
DOB,QUEENS,Special Enforcement,35,1,12,2017-05-29T22:43:39.159857
DOB,QUEENS,Special Enforcement,36,3,12,2017-05-29T22:43:39.159857
DOB,QUEENS,Special Enforcement,38,1,12,2017-05-29T22:43:39.159857
DOB,QUEENS,Special Enforcement,39,1,12,2017-05-29T22:43:39.159857
DOB,QUEENS,Special Enforcement,40,2,12,2017-05-29T22:43:39.159857
DOB,QUEENS,Special Enforcement,41,1,12,2017-05-29T22:43:39.159857
DOB,QUEENS,Special Enforcement,42,4,12,2017-05-29T22:43:39.159857
DOB,QUEENS,Special Enforcement,43,1,12,2017-05-29T22:43:39.159857
DOB,QUEENS,Special Enforcement,49,1,12,2017-05-29T22:43:39.159857
DOB,QUEENS,Special Enforcement,54,1,12,2017-05-29T22:43:39.159857
DOB,QUEENS,Special Enforcement,58,1,12,2017-05-29T22:43:39.159857
DOB,QUEENS,Special Natural Area District (SNAD),2,1,12,2017-05-29T22:43:39.159857
DOB,QUEENS,Special Natural Area District (SNAD),4,1,12,2017-05-29T22:43:39.159857
DOB,QUEENS,Special Natural Area District (SNAD),24,1,12,2017-05-29T22:43:39.159857
DOB,QUEENS,Special Natural Area District (SNAD),31,1,12,2017-05-29T22:43:39.159857
DOB,QUEENS,Special Projects Inspection Team (SPIT),0,8,12,2017-05-29T22:43:39.159857
DOB,QUEENS,Special Projects Inspection Team (SPIT),1,5,12,2017-05-29T22:43:39.159857
DOB,QUEENS,Special Projects Inspection Team (SPIT),2,9,12,2017-05-29T22:43:39.159857
DOB,QUEENS,Special Projects Inspection Team (SPIT),3,3,12,2017-05-29T22:43:39.159857
DOB,QUEENS,Special Projects Inspection Team (SPIT),4,4,12,2017-05-29T22:43:39.159857
DOB,QUEENS,Special Projects Inspection Team (SPIT),5,6,12,2017-05-29T22:43:39.159857
DOB,QUEENS,Special Projects Inspection Team (SPIT),6,2,12,2017-05-29T22:43:39.159857
DOB,QUEENS,Special Projects Inspection Team (SPIT),7,3,12,2017-05-29T22:43:39.159857
DOB,QUEENS,Special Projects Inspection Team (SPIT),8,4,12,2017-05-29T22:43:39.159857
DOB,QUEENS,Special Projects Inspection Team (SPIT),9,4,12,2017-05-29T22:43:39.159857
DOB,QUEENS,Special Projects Inspection Team (SPIT),10,1,12,2017-05-29T22:43:39.159857
DOB,QUEENS,Special Projects Inspection Team (SPIT),13,1,12,2017-05-29T22:43:39.159857
DOB,QUEENS,Special Projects Inspection Team (SPIT),14,4,12,2017-05-29T22:43:39.159857
DOB,QUEENS,Special Projects Inspection Team (SPIT),15,1,12,2017-05-29T22:43:39.159857
DOB,QUEENS,Special Projects Inspection Team (SPIT),16,2,12,2017-05-29T22:43:39.159857
DOB,QUEENS,Special Projects Inspection Team (SPIT),19,2,12,2017-05-29T22:43:39.159857
DOB,QUEENS,Special Projects Inspection Team (SPIT),20,2,12,2017-05-29T22:43:39.159857
DOB,QUEENS,Special Projects Inspection Team (SPIT),24,2,12,2017-05-29T22:43:39.159857
DOB,QUEENS,Special Projects Inspection Team (SPIT),25,2,12,2017-05-29T22:43:39.159857
DOB,QUEENS,Special Projects Inspection Team (SPIT),27,1,12,2017-05-29T22:43:39.159857
DOB,QUEENS,Special Projects Inspection Team (SPIT),29,3,12,2017-05-29T22:43:39.159857
DOB,QUEENS,Special Projects Inspection Team (SPIT),30,2,12,2017-05-29T22:43:39.159857
DOB,QUEENS,Special Projects Inspection Team (SPIT),31,2,12,2017-05-29T22:43:39.159857
DOB,QUEENS,Special Projects Inspection Team (SPIT),34,1,12,2017-05-29T22:43:39.159857
DOB,QUEENS,Special Projects Inspection Team (SPIT),35,1,12,2017-05-29T22:43:39.159857
DOB,QUEENS,Special Projects Inspection Team (SPIT),36,4,12,2017-05-29T22:43:39.159857
DOB,QUEENS,Special Projects Inspection Team (SPIT),37,1,12,2017-05-29T22:43:39.159857
DOB,QUEENS,Special Projects Inspection Team (SPIT),38,1,12,2017-05-29T22:43:39.159857
DOB,QUEENS,Special Projects Inspection Team (SPIT),39,3,12,2017-05-29T22:43:39.159857
DOB,QUEENS,Special Projects Inspection Team (SPIT),40,2,12,2017-05-29T22:43:39.159857
DOB,QUEENS,Special Projects Inspection Team (SPIT),41,4,12,2017-05-29T22:43:39.159857
DOB,QUEENS,Special Projects Inspection Team (SPIT),42,1,12,2017-05-29T22:43:39.159857
DOB,QUEENS,Special Projects Inspection Team (SPIT),43,2,12,2017-05-29T22:43:39.159857
DOB,QUEENS,Special Projects Inspection Team (SPIT),44,1,12,2017-05-29T22:43:39.159857
DOB,QUEENS,Special Projects Inspection Team (SPIT),45,2,12,2017-05-29T22:43:39.159857
DOB,QUEENS,Special Projects Inspection Team (SPIT),46,2,12,2017-05-29T22:43:39.159857
DOB,QUEENS,Special Projects Inspection Team (SPIT),48,2,12,2017-05-29T22:43:39.159857
DOB,QUEENS,Special Projects Inspection Team (SPIT),50,1,12,2017-05-29T22:43:39.159857
DOB,QUEENS,Special Projects Inspection Team (SPIT),51,2,12,2017-05-29T22:43:39.159857
DOB,QUEENS,Special Projects Inspection Team (SPIT),55,1,12,2017-05-29T22:43:39.159857
DOB,QUEENS,Special Projects Inspection Team (SPIT),58,1,12,2017-05-29T22:43:39.159857
DOB,QUEENS,Special Projects Inspection Team (SPIT),62,1,12,2017-05-29T22:43:39.159857
DOB,QUEENS,Special Projects Inspection Team (SPIT),63,1,12,2017-05-29T22:43:39.159857
DOB,QUEENS,Special Projects Inspection Team (SPIT),71,1,12,2017-05-29T22:43:39.159857
DOB,QUEENS,Special Projects Inspection Team (SPIT),73,1,12,2017-05-29T22:43:39.159857
DOB,QUEENS,Special Projects Inspection Team (SPIT),76,1,12,2017-05-29T22:43:39.159857
DOB,STATEN ISLAND,BEST/Site Safety,0,1,12,2017-05-29T22:44:14.368737
DOB,STATEN ISLAND,BEST/Site Safety,1,2,12,2017-05-29T22:44:14.368737
DOB,STATEN ISLAND,BEST/Site Safety,2,1,12,2017-05-29T22:44:14.368737
DOB,STATEN ISLAND,Boilers,1,1,12,2017-05-29T22:44:14.368737
DOB,STATEN ISLAND,Boilers,8,1,12,2017-05-29T22:44:14.368737
DOB,STATEN ISLAND,Boilers,11,1,12,2017-05-29T22:44:14.368737
DOB,STATEN ISLAND,Boilers,52,1,12,2017-05-29T22:44:14.368737
DOB,STATEN ISLAND,Building/Use,0,3,12,2017-05-29T22:44:14.368737
DOB,STATEN ISLAND,Building/Use,1,14,12,2017-05-29T22:44:14.368737
DOB,STATEN ISLAND,Building/Use,2,14,12,2017-05-29T22:44:14.368737
DOB,STATEN ISLAND,Building/Use,3,9,12,2017-05-29T22:44:14.368737
DOB,STATEN ISLAND,Building/Use,4,9,12,2017-05-29T22:44:14.368737
DOB,STATEN ISLAND,Building/Use,5,6,12,2017-05-29T22:44:14.368737
DOB,STATEN ISLAND,Building/Use,6,11,12,2017-05-29T22:44:14.368737
DOB,STATEN ISLAND,Building/Use,7,16,12,2017-05-29T22:44:14.368737
DOB,STATEN ISLAND,Building/Use,8,8,12,2017-05-29T22:44:14.368737
DOB,STATEN ISLAND,Building/Use,9,7,12,2017-05-29T22:44:14.368737
DOB,STATEN ISLAND,Building/Use,10,2,12,2017-05-29T22:44:14.368737
DOB,STATEN ISLAND,Building/Use,11,2,12,2017-05-29T22:44:14.368737
DOB,STATEN ISLAND,Building/Use,12,3,12,2017-05-29T22:44:14.368737
DOB,STATEN ISLAND,Building/Use,13,5,12,2017-05-29T22:44:14.368737
DOB,STATEN ISLAND,Building/Use,14,3,12,2017-05-29T22:44:14.368737
DOB,STATEN ISLAND,Building/Use,15,7,12,2017-05-29T22:44:14.368737
DOB,STATEN ISLAND,Building/Use,16,7,12,2017-05-29T22:44:14.368737
DOB,STATEN ISLAND,Building/Use,17,2,12,2017-05-29T22:44:14.368737
DOB,STATEN ISLAND,Building/Use,18,2,12,2017-05-29T22:44:14.368737
DOB,STATEN ISLAND,Building/Use,20,2,12,2017-05-29T22:44:14.368737
DOB,STATEN ISLAND,Building/Use,21,5,12,2017-05-29T22:44:14.368737
DOB,STATEN ISLAND,Building/Use,22,2,12,2017-05-29T22:44:14.368737
DOB,STATEN ISLAND,Building/Use,23,2,12,2017-05-29T22:44:14.368737
DOB,STATEN ISLAND,Building/Use,24,3,12,2017-05-29T22:44:14.368737
DOB,STATEN ISLAND,Building/Use,25,2,12,2017-05-29T22:44:14.368737
DOB,STATEN ISLAND,Building/Use,26,1,12,2017-05-29T22:44:14.368737
DOB,STATEN ISLAND,Building/Use,27,1,12,2017-05-29T22:44:14.368737
DOB,STATEN ISLAND,Building/Use,28,1,12,2017-05-29T22:44:14.368737
DOB,STATEN ISLAND,Building/Use,29,4,12,2017-05-29T22:44:14.368737
DOB,STATEN ISLAND,Building/Use,30,1,12,2017-05-29T22:44:14.368737
DOB,STATEN ISLAND,Building/Use,31,1,12,2017-05-29T22:44:14.368737
DOB,STATEN ISLAND,Building/Use,32,6,12,2017-05-29T22:44:14.368737
DOB,STATEN ISLAND,Building/Use,33,3,12,2017-05-29T22:44:14.368737
DOB,STATEN ISLAND,Building/Use,34,2,12,2017-05-29T22:44:14.368737
DOB,STATEN ISLAND,Building/Use,35,1,12,2017-05-29T22:44:14.368737
DOB,STATEN ISLAND,Building/Use,36,2,12,2017-05-29T22:44:14.368737
DOB,STATEN ISLAND,Building/Use,39,3,12,2017-05-29T22:44:14.368737
DOB,STATEN ISLAND,Building/Use,40,2,12,2017-05-29T22:44:14.368737
DOB,STATEN ISLAND,Building/Use,44,2,12,2017-05-29T22:44:14.368737
DOB,STATEN ISLAND,Building/Use,45,3,12,2017-05-29T22:44:14.368737
DOB,STATEN ISLAND,Building/Use,47,1,12,2017-05-29T22:44:14.368737
DOB,STATEN ISLAND,Building/Use,49,1,12,2017-05-29T22:44:14.368737
DOB,STATEN ISLAND,Building/Use,51,1,12,2017-05-29T22:44:14.368737
DOB,STATEN ISLAND,Building/Use,54,1,12,2017-05-29T22:44:14.368737
DOB,STATEN ISLAND,Building/Use,59,1,12,2017-05-29T22:44:14.368737
DOB,STATEN ISLAND,Building/Use,61,1,12,2017-05-29T22:44:14.368737
DOB,STATEN ISLAND,Building/Use,63,1,12,2017-05-29T22:44:14.368737
DOB,STATEN ISLAND,Building/Use,64,4,12,2017-05-29T22:44:14.368737
DOB,STATEN ISLAND,Building/Use,65,1,12,2017-05-29T22:44:14.368737
DOB,STATEN ISLAND,Building/Use,68,1,12,2017-05-29T22:44:14.368737
DOB,STATEN ISLAND,Building/Use,69,1,12,2017-05-29T22:44:14.368737
DOB,STATEN ISLAND,Building/Use,77,1,12,2017-05-29T22:44:14.368737
DOB,STATEN ISLAND,Electrical,1,2,12,2017-05-29T22:44:14.368737
DOB,STATEN ISLAND,Electrical,2,12,12,2017-05-29T22:44:14.368737
DOB,STATEN ISLAND,Electrical,3,3,12,2017-05-29T22:44:14.368737
DOB,STATEN ISLAND,Electrical,4,6,12,2017-05-29T22:44:14.368737
DOB,STATEN ISLAND,Electrical,5,8,12,2017-05-29T22:44:14.368737
DOB,STATEN ISLAND,Electrical,6,4,12,2017-05-29T22:44:14.368737
DOB,STATEN ISLAND,Electrical,7,6,12,2017-05-29T22:44:14.368737
DOB,STATEN ISLAND,Electrical,8,3,12,2017-05-29T22:44:14.368737
DOB,STATEN ISLAND,Electrical,9,2,12,2017-05-29T22:44:14.368737
DOB,STATEN ISLAND,Electrical,12,1,12,2017-05-29T22:44:14.368737
DOB,STATEN ISLAND,Electrical,13,1,12,2017-05-29T22:44:14.368737
DOB,STATEN ISLAND,Electrical,14,1,12,2017-05-29T22:44:14.368737
DOB,STATEN ISLAND,Elevator,0,4,12,2017-05-29T22:44:14.368737
DOB,STATEN ISLAND,Elevator,1,3,12,2017-05-29T22:44:14.368737
DOB,STATEN ISLAND,Elevator,2,1,12,2017-05-29T22:44:14.368737
DOB,STATEN ISLAND,Elevator,3,2,12,2017-05-29T22:44:14.368737
DOB,STATEN ISLAND,Elevator,4,3,12,2017-05-29T22:44:14.368737
DOB,STATEN ISLAND,Elevator,5,4,12,2017-05-29T22:44:14.368737
DOB,STATEN ISLAND,Elevator,6,1,12,2017-05-29T22:44:14.368737
DOB,STATEN ISLAND,Elevator,7,2,12,2017-05-29T22:44:14.368737
DOB,STATEN ISLAND,Elevator,8,1,12,2017-05-29T22:44:14.368737
DOB,STATEN ISLAND,Elevator,9,2,12,2017-05-29T22:44:14.368737
DOB,STATEN ISLAND,Elevator,11,1,12,2017-05-29T22:44:14.368737
DOB,STATEN ISLAND,Elevator,12,2,12,2017-05-29T22:44:14.368737
DOB,STATEN ISLAND,Elevator,15,2,12,2017-05-29T22:44:14.368737
DOB,STATEN ISLAND,Elevator,16,2,12,2017-05-29T22:44:14.368737
DOB,STATEN ISLAND,Elevator,17,1,12,2017-05-29T22:44:14.368737
DOB,STATEN ISLAND,Elevator,18,2,12,2017-05-29T22:44:14.368737
DOB,STATEN ISLAND,Elevator,19,1,12,2017-05-29T22:44:14.368737
DOB,STATEN ISLAND,Elevator,20,1,12,2017-05-29T22:44:14.368737
DOB,STATEN ISLAND,Elevator,25,1,12,2017-05-29T22:44:14.368737
DOB,STATEN ISLAND,Elevator,32,1,12,2017-05-29T22:44:14.368737
DOB,STATEN ISLAND,Elevator,40,1,12,2017-05-29T22:44:14.368737
DOB,STATEN ISLAND,Elevator,50,1,12,2017-05-29T22:44:14.368737
DOB,STATEN ISLAND,Emergency Response Team (ERT),1,2,12,2017-05-29T22:44:14.368737
DOB,STATEN ISLAND,Emergency Response Team (ERT),21,1,12,2017-05-29T22:44:14.368737
DOB,STATEN ISLAND,General Construction/Plumbing,0,32,12,2017-05-29T22:44:14.368737
DOB,STATEN ISLAND,General Construction/Plumbing,1,46,12,2017-05-29T22:44:14.368737
DOB,STATEN ISLAND,General Construction/Plumbing,2,27,12,2017-05-29T22:44:14.368737
DOB,STATEN ISLAND,General Construction/Plumbing,3,11,12,2017-05-29T22:44:14.368737
DOB,STATEN ISLAND,General Construction/Plumbing,4,12,12,2017-05-29T22:44:14.368737
DOB,STATEN ISLAND,General Construction/Plumbing,5,18,12,2017-05-29T22:44:14.368737
DOB,STATEN ISLAND,General Construction/Plumbing,6,14,12,2017-05-29T22:44:14.368737
DOB,STATEN ISLAND,General Construction/Plumbing,7,10,12,2017-05-29T22:44:14.368737
DOB,STATEN ISLAND,General Construction/Plumbing,8,16,12,2017-05-29T22:44:14.368737
DOB,STATEN ISLAND,General Construction/Plumbing,9,6,12,2017-05-29T22:44:14.368737
DOB,STATEN ISLAND,General Construction/Plumbing,10,4,12,2017-05-29T22:44:14.368737
DOB,STATEN ISLAND,General Construction/Plumbing,11,11,12,2017-05-29T22:44:14.368737
DOB,STATEN ISLAND,General Construction/Plumbing,12,7,12,2017-05-29T22:44:14.368737
DOB,STATEN ISLAND,General Construction/Plumbing,13,5,12,2017-05-29T22:44:14.368737
DOB,STATEN ISLAND,General Construction/Plumbing,14,7,12,2017-05-29T22:44:14.368737
DOB,STATEN ISLAND,General Construction/Plumbing,15,9,12,2017-05-29T22:44:14.368737
DOB,STATEN ISLAND,General Construction/Plumbing,16,5,12,2017-05-29T22:44:14.368737
DOB,STATEN ISLAND,General Construction/Plumbing,17,2,12,2017-05-29T22:44:14.368737
DOB,STATEN ISLAND,General Construction/Plumbing,18,4,12,2017-05-29T22:44:14.368737
DOB,STATEN ISLAND,General Construction/Plumbing,19,2,12,2017-05-29T22:44:14.368737
DOB,STATEN ISLAND,General Construction/Plumbing,20,5,12,2017-05-29T22:44:14.368737
DOB,STATEN ISLAND,General Construction/Plumbing,21,7,12,2017-05-29T22:44:14.368737
DOB,STATEN ISLAND,General Construction/Plumbing,22,4,12,2017-05-29T22:44:14.368737
DOB,STATEN ISLAND,General Construction/Plumbing,23,1,12,2017-05-29T22:44:14.368737
DOB,STATEN ISLAND,General Construction/Plumbing,24,2,12,2017-05-29T22:44:14.368737
DOB,STATEN ISLAND,General Construction/Plumbing,26,5,12,2017-05-29T22:44:14.368737
DOB,STATEN ISLAND,General Construction/Plumbing,27,3,12,2017-05-29T22:44:14.368737
DOB,STATEN ISLAND,General Construction/Plumbing,28,2,12,2017-05-29T22:44:14.368737
DOB,STATEN ISLAND,General Construction/Plumbing,29,4,12,2017-05-29T22:44:14.368737
DOB,STATEN ISLAND,General Construction/Plumbing,32,1,12,2017-05-29T22:44:14.368737
DOB,STATEN ISLAND,General Construction/Plumbing,33,1,12,2017-05-29T22:44:14.368737
DOB,STATEN ISLAND,General Construction/Plumbing,34,2,12,2017-05-29T22:44:14.368737
DOB,STATEN ISLAND,General Construction/Plumbing,35,2,12,2017-05-29T22:44:14.368737
DOB,STATEN ISLAND,General Construction/Plumbing,36,1,12,2017-05-29T22:44:14.368737
DOB,STATEN ISLAND,General Construction/Plumbing,37,1,12,2017-05-29T22:44:14.368737
DOB,STATEN ISLAND,General Construction/Plumbing,38,1,12,2017-05-29T22:44:14.368737
DOB,STATEN ISLAND,General Construction/Plumbing,39,1,12,2017-05-29T22:44:14.368737
DOB,STATEN ISLAND,General Construction/Plumbing,40,1,12,2017-05-29T22:44:14.368737
DOB,STATEN ISLAND,General Construction/Plumbing,41,1,12,2017-05-29T22:44:14.368737
DOB,STATEN ISLAND,General Construction/Plumbing,44,1,12,2017-05-29T22:44:14.368737
DOB,STATEN ISLAND,General Construction/Plumbing,45,2,12,2017-05-29T22:44:14.368737
DOB,STATEN ISLAND,General Construction/Plumbing,46,2,12,2017-05-29T22:44:14.368737
DOB,STATEN ISLAND,General Construction/Plumbing,47,1,12,2017-05-29T22:44:14.368737
DOB,STATEN ISLAND,General Construction/Plumbing,49,1,12,2017-05-29T22:44:14.368737
DOB,STATEN ISLAND,General Construction/Plumbing,51,1,12,2017-05-29T22:44:14.368737
DOB,STATEN ISLAND,General Construction/Plumbing,52,1,12,2017-05-29T22:44:14.368737
DOB,STATEN ISLAND,General Construction/Plumbing,54,1,12,2017-05-29T22:44:14.368737
DOB,STATEN ISLAND,General Construction/Plumbing,55,1,12,2017-05-29T22:44:14.368737
DOB,STATEN ISLAND,General Construction/Plumbing,58,1,12,2017-05-29T22:44:14.368737
DOB,STATEN ISLAND,General Construction/Plumbing,63,1,12,2017-05-29T22:44:14.368737
DOB,STATEN ISLAND,General Construction/Plumbing,65,1,12,2017-05-29T22:44:14.368737
DOB,STATEN ISLAND,General Construction/Plumbing,68,1,12,2017-05-29T22:44:14.368737
DOB,STATEN ISLAND,General Construction/Plumbing,70,1,12,2017-05-29T22:44:14.368737
DOB,STATEN ISLAND,General Construction/Plumbing,77,1,12,2017-05-29T22:44:14.368737
DOB,STATEN ISLAND,Investigations and Discipline (IAD),11,1,12,2017-05-29T22:44:14.368737
DOB,STATEN ISLAND,Investigations and Discipline (IAD),18,1,12,2017-05-29T22:44:14.368737
DOB,STATEN ISLAND,Plumbing,0,2,12,2017-05-29T22:44:14.368737
DOB,STATEN ISLAND,Plumbing,1,9,12,2017-05-29T22:44:14.368737
DOB,STATEN ISLAND,Plumbing,2,6,12,2017-05-29T22:44:14.368737
DOB,STATEN ISLAND,Plumbing,3,2,12,2017-05-29T22:44:14.368737
DOB,STATEN ISLAND,Plumbing,4,1,12,2017-05-29T22:44:14.368737
DOB,STATEN ISLAND,Plumbing,5,7,12,2017-05-29T22:44:14.368737
DOB,STATEN ISLAND,Plumbing,6,4,12,2017-05-29T22:44:14.368737
DOB,STATEN ISLAND,Plumbing,7,5,12,2017-05-29T22:44:14.368737
DOB,STATEN ISLAND,Plumbing,8,2,12,2017-05-29T22:44:14.368737
DOB,STATEN ISLAND,Plumbing,9,2,12,2017-05-29T22:44:14.368737
DOB,STATEN ISLAND,Plumbing,11,1,12,2017-05-29T22:44:14.368737
DOB,STATEN ISLAND,Plumbing,12,1,12,2017-05-29T22:44:14.368737
DOB,STATEN ISLAND,Plumbing,15,1,12,2017-05-29T22:44:14.368737
DOB,STATEN ISLAND,Plumbing,17,2,12,2017-05-29T22:44:14.368737
DOB,STATEN ISLAND,Plumbing,18,1,12,2017-05-29T22:44:14.368737
DOB,STATEN ISLAND,Plumbing,19,1,12,2017-05-29T22:44:14.368737
DOB,STATEN ISLAND,Plumbing,20,2,12,2017-05-29T22:44:14.368737
DOB,STATEN ISLAND,Plumbing,21,1,12,2017-05-29T22:44:14.368737
DOB,STATEN ISLAND,Plumbing,24,1,12,2017-05-29T22:44:14.368737
DOB,STATEN ISLAND,Plumbing,28,2,12,2017-05-29T22:44:14.368737
DOB,STATEN ISLAND,Plumbing,48,1,12,2017-05-29T22:44:14.368737
DOB,STATEN ISLAND,Plumbing,49,1,12,2017-05-29T22:44:14.368737
DOB,STATEN ISLAND,Plumbing,52,1,12,2017-05-29T22:44:14.368737
DOB,STATEN ISLAND,Plumbing,53,1,12,2017-05-29T22:44:14.368737
DOB,STATEN ISLAND,Plumbing,54,1,12,2017-05-29T22:44:14.368737
DOB,STATEN ISLAND,Plumbing,59,1,12,2017-05-29T22:44:14.368737
DOB,STATEN ISLAND,Plumbing,72,1,12,2017-05-29T22:44:14.368737
DOB,STATEN ISLAND,Plumbing,76,1,12,2017-05-29T22:44:14.368737
DOB,STATEN ISLAND,Special Enforcement,2,1,12,2017-05-29T22:44:14.368737
DOB,STATEN ISLAND,Special Enforcement,3,3,12,2017-05-29T22:44:14.368737
DOB,STATEN ISLAND,Special Enforcement,5,10,12,2017-05-29T22:44:14.368737
DOB,STATEN ISLAND,Special Enforcement,6,6,12,2017-05-29T22:44:14.368737
DOB,STATEN ISLAND,Special Enforcement,7,3,12,2017-05-29T22:44:14.368737
DOB,STATEN ISLAND,Special Enforcement,8,4,12,2017-05-29T22:44:14.368737
DOB,STATEN ISLAND,Special Enforcement,9,5,12,2017-05-29T22:44:14.368737
DOB,STATEN ISLAND,Special Enforcement,10,2,12,2017-05-29T22:44:14.368737
DOB,STATEN ISLAND,Special Enforcement,11,4,12,2017-05-29T22:44:14.368737
DOB,STATEN ISLAND,Special Enforcement,13,10,12,2017-05-29T22:44:14.368737
DOB,STATEN ISLAND,Special Enforcement,23,2,12,2017-05-29T22:44:14.368737
DOB,STATEN ISLAND,Special Enforcement,30,2,12,2017-05-29T22:44:14.368737
DOB,STATEN ISLAND,Special Natural Area District (SNAD),0,1,12,2017-05-29T22:44:14.368737
DOB,STATEN ISLAND,Special Natural Area District (SNAD),2,3,12,2017-05-29T22:44:14.368737
DOB,STATEN ISLAND,Special Natural Area District (SNAD),3,1,12,2017-05-29T22:44:14.368737
DOB,STATEN ISLAND,Special Natural Area District (SNAD),4,1,12,2017-05-29T22:44:14.368737
DOB,STATEN ISLAND,Special Natural Area District (SNAD),20,1,12,2017-05-29T22:44:14.368737
DOB,STATEN ISLAND,Special Natural Area District (SNAD),24,1,12,2017-05-29T22:44:14.368737
DOB,STATEN ISLAND,Special Natural Area District (SNAD),31,1,12,2017-05-29T22:44:14.368737
DOB,STATEN ISLAND,Special Natural Area District (SNAD),34,1,12,2017-05-29T22:44:14.368737
DOB,STATEN ISLAND,Special Natural Area District (SNAD),36,1,12,2017-05-29T22:44:14.368737
DOB,STATEN ISLAND,Special Natural Area District (SNAD),63,1,12,2017-05-29T22:44:14.368737
DOB,STATEN ISLAND,Special Natural Area District (SNAD),73,1,12,2017-05-29T22:44:14.368737
DOB,STATEN ISLAND,Special Natural Area District (SNAD),75,1,12,2017-05-29T22:44:14.368737
DOB,STATEN ISLAND,Special Projects Inspection Team (SPIT),0,3,12,2017-05-29T22:44:14.368737
DOB,STATEN ISLAND,Special Projects Inspection Team (SPIT),7,1,12,2017-05-29T22:44:14.368737
DOB,STATEN ISLAND,Special Projects Inspection Team (SPIT),10,1,12,2017-05-29T22:44:14.368737
DOB,STATEN ISLAND,Special Projects Inspection Team (SPIT),12,1,12,2017-05-29T22:44:14.368737
DOB,STATEN ISLAND,Special Projects Inspection Team (SPIT),18,1,12,2017-05-29T22:44:14.368737
DOB,STATEN ISLAND,Special Projects Inspection Team (SPIT),19,1,12,2017-05-29T22:44:14.368737
DOB,STATEN ISLAND,Special Projects Inspection Team (SPIT),24,1,12,2017-05-29T22:44:14.368737
